,mu_11_bgm_ct.ice, 6c\4c720bb294c12dbf8d0dd03b9c7bf0
,mu_11_bgm_gl.ice, ba\62269e095585a49bb804dd2201c701
,mu_11_bgm02_anv09.ice, f9\b39534cb06709da2abf0ae436a93bf
,mu_11_bgm02_boss_b01.ice, fa\340f04df336ab056a8a5b9523e0b33
,mu_11_bgm02_boss_e01.ice, e4\e1c40060ad25b554067346a8a5aa4d
,mu_11_bgm02_boss_e01sb.ice, ba\f7095728098cc3ebd8c0bae9d67145
,mu_11_bgm02_boss_f01.ice, 6d\7a7be6fe01eaa35a56e40a83a9d291
,mu_11_bgm02_boss_m01.ice, 9f\592b00b48e39bb3aa9db6f331c3de5
,mu_11_bgm02_boss_ne.ice, 90\1531eae9d45f3076e8dea951e1b56d
,mu_11_bgm02_boss_nea.ice, 8f\5c299cc60eb981813049f62ec1873e
,mu_11_bgm02_cl.ice, 7b\f2756f882cc889a9e2c051ae426ecf
,mu_11_bgm02_clear.ice, 36\63ac94990b8401298edeec1215f28d
,mu_11_bgm02_cm.ice, 7b\923b8464dcf1cc03772193332727ac
,mu_11_bgm02_col001.ice, 28\8567f023db139eb817993adb87bd82
,mu_11_bgm02_ct.ice, 66\72328f135b21eda05a0b1aea589ba3
,mu_11_bgm02_cte.ice, df\2aa2d7e92adf60a7af31281ec0e728
,mu_11_bgm02_defense_1.ice, e2\0914764d09146c0745cc1dcf1c5d54
,mu_11_bgm02_defense_1_before.ice, f7\c5297ea93f7ff927884397f644841c
,mu_11_bgm02_defense_1_clear.ice, 83\05ae1cce988fa30ac401bcfdf7496a
,mu_11_bgm02_enemy_st.ice, 9b\7118a2b1a673511d42d114d7f6b747
,mu_11_bgm02_qw01.ice, 81\3a39557c2fad5fea857f58de60190e
,mu_11_bgm02_rg01-01.ice, 83\ed786ed9470e08d2a85c1017f426e8
,mu_11_bgm02_rg01-02.ice, 4b\971f7f2e0fb4fcca7f9d765b0a6a78
,mu_11_bgm02_rg01-03.ice, 23\81c7dbf589544600a951508d45fd93
,mu_11_bgm02_rg01-04.ice, 96\dcda5ce3cbe88857d5fe3c1163fc67
,mu_11_bgm02_rg01-05.ice, a1\1d070c3a50bde8c2d33e79c1536b4c
,mu_11_bgm02_rg01-06.ice, 5f\9607a5dd22a7f735fac388479f798c
,mu_11_bgm02_sc.ice, e5\442e363ee0eb9b3662a3dea290a0be
,mu_11_bgm02_se_halloween.ice, 6c\0e8d1fb3becda37bdb691cd7e79bbc
,mu_11_bgm02_se_tsukimi.ice, d6\3beb7c03f19661cc7a69f4831b900d
,mu_11_bgm02_tcc01.ice, 4f\97bdc9c0fedf1b639324e1254e6d51
,mu_11_bgm02_tccf.ice, 1a\d087315163c3d5634e34d9ec598ab8
,mu_11_bgm02_tccs.ice, 6c\1b1b6f913ab7795dc0ac87cdb26b3d
,mu_11_bgm02_tilg.ice, 46\4029995696c8f8f7ea091af4d86009
,mu_11_bgm02_ttcf.ice, 02\3c49d3c45697c6cbc45ab4f78d86c4
,mu_11_bgm02_ttcs.ice, e6\4ab424efb0d15a31b08223fc39f740
,mu_11_bgm02_rg02_01day_md.ice, cb\13c3397fac50d569781bc0e8cd0e38
,mu_11_bgm02_rg02_01night_md.ice, 44\5a389c08668a6084dfd14aa97adf50
,mu_11_bgm02_rg02_02_md.ice, e7\65ca98a7f0dcf55179f49d3384d603
,mu_11_bgm02_rg02_03_md.ice, 83\dc9f9a1083eff9561e8629528abd04
,mu_11_bgm02_rg02_04_md.ice, 28\472d9d209303b9faacbbe18cf41805
,mu_11_bgm02_twp03.ice, 89\beef9af53063676e211ce9f1153cb7
,mu_11_bgm02_tpy01.ice, 04\789e2f38081fae77ea8090b4f3e3c1
,mu_11_bgm02_rg01_06_md.ice, 35\1ab6af6f24672660405ba903bbb122
,mu_11_bgm02_rg01_01night_md.ice, 03\888d3d6e72a4777bff547818dad9ed
,mu_11_bgm02_boss_rg03_kh.ice, 05\6d0491cde1ae472b75b72ee36bdf85
,mu_11_bgm02_se_christmas.ice, 07\a9e4f7040cae5bce2d574ce08e03e3
,mu_11_bgm02_se_newyear.ice, 0a\0e4441cb19a296a409ead4babb06c6
,mu_11_bgm02_boss_f02.ice, 0a\c6c82be64c5f3c2b2c4ee29054ed87
,mu_11_bgm02_rg01_03day_md.ice, 0b\3421622ea3643ada3f7b069a7020b3
,mu_11_bgm02_rg02_02.ice, 0b\3ca8cf8abeedbf0c91b42c7b350cb6
,mu_11_bgm02_rg01_02_md.ice, 0d\2daf4681adb8f1711d4e041f426328
,mu_11_bgm02_boss_rg02_rr.ice, 0f\f336c9fcf7ff94f21d2df9358e2d79
,mu_11_bgm02_boss_rg02_rr_md.ice, 11\6a89351b01642ed41f146cbaa680e3
,mu_11_bgm02_boss_rg02_rra.ice, 14\b04a3d794dffd28bae7fcfadde2014
,mu_11_bgm02_tr_md.ice, 14\b3cf6767428cfcdfa3c9f554c79a63
,mu_11_bgm02_ct_md.ice, 14\decefc65f288916c444b762f85a90e
,mu_11_bgm02_boss_ne_md.ice, 1f\c4e5f6308eacd8d64aed289aeee563
,mu_11_bgm01_wopal3.ice, 2b\601e662db0f26764087d3cc3d0a68d
,mu_11_bgm02_boss_rg03_m01.ice, 2d\5f43a5d9060d7e4eccb4855e66c6eb
,mu_11_bgm02_rg01_03night_md.ice, 39\58e8b54491852272ab6174aa811ef8
,mu_11_bgm01_cave.ice, 3b\c52241494be9b0782304b7b12f7292
,mu_11_bgm02_ct_r02.ice, 40\d5ab9aa00540f4c0544e8449e4119f
,mu_11_bgm02_enemy_st2.ice, 41\6617fb1c1a27e6521eb246a025725f
,mu_11_bgm02_boss_f02_md.ice, 48\0c2bacbaf0b9d4ccc1704d323746b1
,mu_11_bgm02_boss_b01_md.ice, 49\8212a64b6490da9eada5f10e02c465
,mu_11_bgm02_boss_nea_md.ice, 4a\620841a74d558a0a023bb079382c35
,mu_11_bgm02_rg03_07.ice, 4b\2e8829a13e43bb06bdf75c908c9917
,mu_11_bgm01_col_rg02_desert.ice, 5b\d5ebfae8394b41cc03f15c053c07f5
,mu_11_bgm02_boss_f02_2.ice, 5b\f67b3ab07b17bb166140e0a08119ea
,mu_11_bgm02_rg03_06.ice, 5f\5e8892dd2455872cd48908e0e293d8
,mu_11_bgm02_se_spring.ice, 66\aa1a75449eb771271e082f4a3b8229
,mu_11_bgm02_ct_r01.ice, 74\eec12b165dac6551826e9b50f01f7c
,mu_11_bgm02_tilg_md.ice, 7e\c12b0d83c2c4b47958ede2a4e6deec
,mu_11_bgm02_rg02_04.ice, 7f\4b9cd1e5afb4088bac4a32b88d7731
,mu_11_bgm02_se_1year.ice, 84\b72ae5956e009accdc1085fb277c73
,mu_11_bgm02_se_1year.ice, 84\b72ae5956e009accdc1085fb277c73,NA
,mu_11_bgm01_col_rg02_wopal3.ice, 88\14d98700847529a238616e8d75026e
,mu_11_bgm02_tpcf.ice, 91\f0628adb23a924d2e9e2817a1380fe
,mu_11_bgm02_boss_f_sb.ice, 96\4eb1483f092d595b5df8fcd31eec03
,mu_11_bgm02_boss_rg02_m01.ice, 99\51e9e984e13b7be1a3c59a35fa32fb
,mu_11_bgm02_qw02_i.ice, 9c\ea6e52609dac60c2e675d54bd3e3f3
,mu_11_bgm02_enemy_st_md.ice, a0\e4ef9793b050e690ebca30905a6d52
,mu_11_bgm02_ttw01.ice, a3\75ccb83535e151753bf67e5e79924e
,mu_11_bgm02_boss_rg03_b01.ice, a6\70096d2cf91fb3059ba5a3764983e4
,mu_11_bgm02_boss_rg02_b01.ice, a8\f2b4e9ef994bb3a97025d63da44df9
,mu_11_bgm01_desert.ice, a9\2cf7f2d2b70374cd87f093ea219980
,mu_11_bgm02_anv10.ice, aa\9dd95e3ce669fcc67091c60b351b1c
,mu_11_bgm01_col_rg02_cave.ice, b0\2419dc91f9602ea76d56fa24461d63
,mu_11_bgm02_ct_k02.ice, b2\47ff34b67cedc0233b0e83f2578e77
,mu_11_bgm02_rg03_01.ice, b4\6bfe3fb594e8b9e0eb134919d29f10
,mu_11_bgm02_twp02.ice, b8\f1743137a7b9d4cb1e2c902375cea9
,mu_11_bgm02_fr01.ice, bd\3763c02d9bbbd4c089c805cca331c5
,mu_11_bgm02_twp01.ice, bd\9a5a17b5a0c647b3f3c484d54e2488
,mu_11_bgm02_boss_m01_md.ice, cd\6def04783cf467ffb71d1e0d72954a
,mu_11_bgm02_qw02.ice, d0\db6328013e2f4cb8d3ce23656db3bd
,mu_11_bgm02_ct_k01.ice, de\f6f5a5bb08b8db9dd1d04f9788cfe2
,mu_11_bgm02_tpcs.ice, e0\18fd3cc2eb21867abb58be4879ae2a
,mu_11_bgm02_10year.ice, e2\5119785b7509f8688286f1c467a68a
,mu_11_bgm02_rg03_05.ice, e7\769517b144a485b323aefb2f1f8295
,mu_11_bgm02_rg01_01day_md.ice, ea\24e9f7632b61697f57473973274575
,mu_11_bgm02_rg01_04_md.ice, ed\313eb087856bd5bf70478aa5a215e8
,mu_11_bgm02_rg03_04.ice, f0\e4c889c7aa31619dd9e32ea8c84411
,mu_11_bgm02_se_winter.ice, f2\5f0250ee5acdcea1a9b7e87d6f37ac
