large_icon/ui_ld_icon_10.ice,9f\603f4a9dbf6982fddb9b370e9d440c
large_icon/ui_ld_icon_11.ice,39\8038463ff4c391e3416f4ffacea6d5
large_icon/ui_ld_icon_20.ice,a6\4e071558a44a043a6c5d052e8079ee
large_icon/ui_ld_icon_21.ice,26\8801ea6b47a591c41938718bc36290
large_icon/ui_ld_icon_30.ice,eb\b0470286333408365778dfb8a89fb4
large_icon/ui_ld_icon_31.ice,a9\57d7077ee160b35fbdc3c12422daa3
large_icon/ui_ld_icon_40.ice,3f\2c591573306c24732689ac7a234bad
large_icon/ui_ld_icon_41.ice,bb\6e90ed3d42e1e2038c5a2b8e0f7995
large_icon/ui_ld_icon_50.ice,ab\aabe96ad5929368cf1fe1f0e0bd725
large_icon/ui_ld_icon_51.ice,e8\b78421f27cde145c9fc386eba82439
large_icon/ui_ld_icon_60.ice,7e\52100900e21998a9b1bb6b8dd1989b
large_icon/ui_ld_icon_61.ice,f1\a977e3198f35e928d679933e54662f
large_icon/ui_ld_icon_70.ice,9f\c19b6976a844d77b3dd35f35ad618d
large_icon/ui_ld_icon_71.ice,1d\d5de183aa5f37cf1e10db2df5db5e2
large_icon/ui_ld_icon_80.ice,c2\851a275feb2deb2454a256265777b2
large_icon/ui_ld_icon_81.ice,f0\c07920ce2f616dc394b9ea76a13ccd
large_icon/ui_ld_icon_90.ice,44\e1cbaf35330ac5fac2f00da2c8c792
large_icon/ui_ld_icon_91.ice,67\7ef3bedc9ee6b838c16177dfd1803d
large_icon/ui_ld_icon_100.ice,9e\20071a27d043b22506b074c3e96c40
large_icon/ui_ld_icon_101.ice,f1\06b2b12c666738a2186770c89b1fb8
large_icon/ui_ld_icon_110.ice,bc\8ade36cb6b35ab69bd84a5f0f6fe94
large_icon/ui_ld_icon_111.ice,49\03633c408455c2ac206e85b1a67119
large_icon/ui_ld_icon_120.ice,e1\efb47245b69b98dde478d6c78736ae
large_icon/ui_ld_icon_121.ice,63\77d17fa1e96bf1842bf9b3fe28e98a
large_icon/ui_ld_icon_130.ice,0d\79e3a2dfaf674f231c8d3b97af2784
large_icon/ui_ld_icon_131.ice,60\bfebc79076cb11b581a57c5c65d3f7
large_icon/ui_ld_icon_140.ice,30\1c9abd850c0d8507c87fae2065af85
large_icon/ui_ld_icon_141.ice,70\49d74fec0897ca18a6b0bf86d77967
large_icon/ui_ld_icon_150.ice,fb\a428019a6c7626b612fd39df1bc25d
large_icon/ui_ld_icon_151.ice,e6\ac48d7c780ededa4fc4b229ffa6a15
large_icon/ui_ld_icon_160.ice,e6\e6abe6247be712341d45d938a02fb5
large_icon/ui_ld_icon_161.ice,ec\fb33eb7cc029e25ba94e0e32009f81
large_icon/ui_ld_icon_170.ice,9b\c4f7efb18b7ca64ce07cc9d8712e13
large_icon/ui_ld_icon_171.ice,35\cfc9172f4acce76f02039e0d050344
large_icon/ui_ld_icon_180.ice,8b\af44de0f7fd145d9752646814d173d
large_icon/ui_ld_icon_181.ice,41\86bfae3c4d836aae4f201e01df5731
large_icon/ui_ld_icon_190.ice,f3\7442be7c7976eee8c88fb8da6c9cb2
large_icon/ui_ld_icon_191.ice,2c\e15951986b8446d555b03daffccc20
large_icon/ui_ld_icon_200.ice,1b\fad95e769254d719d4d0b2a2fc0960
large_icon/ui_ld_icon_201.ice,9b\7df316972464799952e0b7701db229
large_icon/ui_ld_icon_210.ice,d5\e312ea2f39830d6f3c59bdaf3125c0
large_icon/ui_ld_icon_211.ice,ce\dde64eba64916c3640904fe7be897f
large_icon/ui_ld_icon_220.ice,19\e131cd391938839363b61ae9ff2799
large_icon/ui_ld_icon_221.ice,3e\cc584549cb53fb1065a5461d4d247a
large_icon/ui_ld_icon_230.ice,85\bb59f17b983d7259eb804532293938
large_icon/ui_ld_icon_231.ice,4c\79081d3defd6944f72c7bba5de838a
large_icon/ui_ld_icon_240.ice,82\2d9790d69635d6ec87f44db2cbc976
large_icon/ui_ld_icon_241.ice,2b\7fb93046d9fba7fc5621ad3bf38024
large_icon/ui_ld_icon_250.ice,b0\e1bbba0757388f144d05ccf3323192
large_icon/ui_ld_icon_251.ice,d4\a9e7242c39d3c9050668ebd9336fe7
large_icon/ui_ld_icon_260.ice,91\d2242746129339ae76dc94eefad437
large_icon/ui_ld_icon_261.ice,a4\a348a8745642466916e2f4f4f357ce
large_icon/ui_ld_icon_270.ice,08\09848bba7d68f020c4a013f51e4971
large_icon/ui_ld_icon_271.ice,b1\89c219b3960e93a39bcbe917dbe7e4
large_icon/ui_ld_icon_280.ice,c1\c4020fb8d32b2a65cc12842071a7b0
large_icon/ui_ld_icon_281.ice,d5\f662d48fcde8425070fa2bf8842211
large_icon/ui_ld_icon_290.ice,82\9d49c711f5e10b3b7f1a55ac3177ff
large_icon/ui_ld_icon_291.ice,f5\87391a8c45869333ba23f91725d9b7
large_icon/ui_ld_icon_300.ice,5b\eb4eb126357ecad9ebb5c983543d31
large_icon/ui_ld_icon_301.ice,db\b39b6faafe0af749fcedf50f89d2d0
large_icon/ui_ld_icon_310.ice,b1\f1b00fc62a9b6c0d15039a41d873c2
large_icon/ui_ld_icon_311.ice,7e\8deb25d7caf40eef9ae8e533dd7358
large_icon/ui_ld_icon_320.ice,d4\2cda619beccc2f3fd27c90e630a978
large_icon/ui_ld_icon_321.ice,ca\55be07fcb8f5a5ab5ab7e9448b7772
large_icon/ui_ld_icon_330.ice,4b\b8411c8f2bcf8d3d00a0af85e96b5d
large_icon/ui_ld_icon_331.ice,e5\1efcadd49f197c262ee939beb0d4f8
large_icon/ui_ld_icon_340.ice,6c\5b492987d0aa30e9158202810f3f58
large_icon/ui_ld_icon_341.ice,22\c9b70c452a102f36c6b005d8824a02
large_icon/ui_ld_icon_350.ice,8c\89f7789079e199ecdb341cd566462f
large_icon/ui_ld_icon_351.ice,22\efabbfddb929db5f8ce1b73ca3cf8e
large_icon/ui_ld_icon_360.ice,5b\4edd0d923e64b32e1045e35b659d98
large_icon/ui_ld_icon_361.ice,59\d62fbdef6fd4660ef0db6d66e8118b
large_icon/ui_ld_icon_370.ice,23\69f1aa3368309da88265e16aaccda6
large_icon/ui_ld_icon_371.ice,93\db4f48f62a8ecf0c187dd4e7f7e398
large_icon/ui_ld_icon_380.ice,01\ae6ce0ef758d52851860d7c93f9b19
large_icon/ui_ld_icon_381.ice,e9\4f8a121ed27ccc87feccf2841f5cf1
large_icon/ui_ld_icon_390.ice,bb\7a55bb46b2dd178b8aa98f128717c8
large_icon/ui_ld_icon_391.ice,5a\1419a768003cb85aa5a44cab4351a3
large_icon/ui_ld_icon_400.ice,80\52c77e08bdf7bb00857996447041bc
large_icon/ui_ld_icon_401.ice,ba\2e70b2cd605569a8a9d84398f98e62
large_icon/ui_ld_icon_410.ice,68\69f8f8846dcafd273b10b08cbf9192
large_icon/ui_ld_icon_411.ice,64\d9280a07b82baa987b07491e743f25
large_icon/ui_ld_icon_420.ice,e3\165fb22684ccdea2649ffb23f3c07f
large_icon/ui_ld_icon_421.ice,35\3dda9cfc41a178264f0041bc21b16c
large_icon/ui_ld_icon_430.ice,05\310b9cba7bb895a8686f793c3f939c
large_icon/ui_ld_icon_431.ice,91\06b069a7aea8f6d4a8e3d904c73dd3
large_icon/ui_ld_icon_440.ice,49\527a95e9551db8ae7792469cefbed6
large_icon/ui_ld_icon_441.ice,6c\285e6f20b4bd8387eed6a3655c92ee
large_icon/ui_ld_icon_450.ice,ce\e32489db7106c8f2cb759f67d84f92
large_icon/ui_ld_icon_451.ice,d5\30382c99a2def21f5893a06cabfdff
large_icon/ui_ld_icon_460.ice,f3\7aa2070b057e0dacc3215f0e9c6168
large_icon/ui_ld_icon_461.ice,8e\097f753ea5f46732cc8386e203af47
large_icon/ui_ld_icon_470.ice,cd\00572d729c44f2d4fdadc0af5cead0
large_icon/ui_ld_icon_471.ice,81\31571a8b967cfb00c216a5c7eab213
large_icon/ui_ld_icon_480.ice,04\7fbb358415c89ab74939e42b5fab74
large_icon/ui_ld_icon_481.ice,ae\fc3bcdd9e2f1396cc40e99c4db3ca6
large_icon/ui_ld_icon_490.ice,14\fa900c4c735ca2311cc1a36ab5a7db
large_icon/ui_ld_icon_491.ice,2b\f0ba0493a256dfb39bd2470a60455b
large_icon/ui_ld_icon_500.ice,2a\10f642d4d784de138628cb7ba69d90
large_icon/ui_ld_icon_501.ice,29\3f58c4c2839ade611b8e768307f182
large_icon/ui_ld_icon_510.ice,ae\b25f007ea092e3b8250067e337a659
large_icon/ui_ld_icon_511.ice,8d\f640fdba48af4e773e0cfe100e1a95
large_icon/ui_ld_icon_520.ice,d2\cb0d891b6fdb0b59aa4cac16d29801
large_icon/ui_ld_icon_521.ice,ee\b297ed18933fc059f263f4d5a741a3
large_icon/ui_ld_icon_530.ice,bc\e8938c82f687235069f5813286859d
large_icon/ui_ld_icon_531.ice,5a\07c756583a93dc7ad893655486ca64
large_icon/ui_ld_icon_540.ice,3e\ffc5e52091488c2e9d0f06e9f80d8a
large_icon/ui_ld_icon_541.ice,07\a51c86ae8b91f8615e34b31bbf8d8f
large_icon/ui_ld_icon_550.ice,0c\707972c4f24a00175eec2276a0094a
large_icon/ui_ld_icon_551.ice,9b\1ce70402925ca2cf066ed174dc76e6
large_icon/ui_ld_icon_560.ice,fb\b3f42fa973bdd1b1e4b5f2e8f81ed7
large_icon/ui_ld_icon_561.ice,ac\5562b2d8bd742d46b673c0620435d6
large_icon/ui_ld_icon_570.ice,0b\22c288c56d543817d3cad6f7e38bc8
large_icon/ui_ld_icon_571.ice,b3\3f91909331bf09368e5c948e3a077b
large_icon/ui_ld_icon_580.ice,cf\c2bc37968b6cb8d99cc9d28de1d43c
large_icon/ui_ld_icon_581.ice,f3\2b5e63c776adf4b1c4f1a73658d79c
large_icon/ui_ld_icon_590.ice,f8\74ddaaca024a6941bb8706e85f7b64
large_icon/ui_ld_icon_591.ice,79\35dd024b3702cb8862aabc272c0fc6
large_icon/ui_ld_icon_600.ice,aa\8dd2c6976c00e0162b51c559db8965
large_icon/ui_ld_icon_601.ice,1f\7466b58c0271ddca5529981d81f902
large_icon/ui_ld_icon_610.ice,a0\b688e4628e495c02ab06c92eaaea8d
large_icon/ui_ld_icon_611.ice,15\4c39a905d7756731bf8f9226d39f54
large_icon/ui_ld_icon_620.ice,b6\63091ae8bf6a3c73230b2b0e439bf5
large_icon/ui_ld_icon_621.ice,af\3e4ae46f1919759d83e0f2946f321e
large_icon/ui_ld_icon_630.ice,d2\0226e2ebc3e4d9e4346880fdc2b90c
large_icon/ui_ld_icon_631.ice,58\0fec14adaa4dd18512cb03bb7bc18e
large_icon/ui_ld_icon_640.ice,07\3feb8d01f65da03698e822b8ff89cb
large_icon/ui_ld_icon_641.ice,d3\32b4f40f414796c18113937bf7ebf8
large_icon/ui_ld_icon_650.ice,3f\e44fc992f992c0053fcc4dcc39572f
large_icon/ui_ld_icon_651.ice,95\cc296406a0a9575216cc850daceeac
large_icon/ui_ld_icon_660.ice,7b\16f9c177fbd594aefbdbf2ecd595a3
large_icon/ui_ld_icon_661.ice,d5\5c6b37533b54b47922fa67622b1599
large_icon/ui_ld_icon_670.ice,88\5bb854182f044990c4f6f1dfe1cfa2
large_icon/ui_ld_icon_671.ice,29\2edbfbf7c279b9e9d0f22f9844944d
large_icon/ui_ld_icon_680.ice,10\9ef54f4291ae4e88788600c4873188
large_icon/ui_ld_icon_681.ice,9f\12af22e2dbd0d0f86e5988bb2913ac
large_icon/ui_ld_icon_690.ice,66\d2fb20fcd2c94fb3c22ed62fcd9acb
large_icon/ui_ld_icon_691.ice,19\20bc6980795bb4d4ed38e2c55f0f8f
large_icon/ui_ld_icon_700.ice,40\057605d52122aae492edbb5b62b55d
large_icon/ui_ld_icon_701.ice,28\5b36bbba1ffde53b498d10ae3dff53
large_icon/ui_ld_icon_710.ice,75\3a2feeca9c6cdf9c05daa9b787a477
large_icon/ui_ld_icon_711.ice,db\2121a01c4c77f340eff9c22e7a29c2
large_icon/ui_ld_icon_720.ice,15\cf1d8ad89e805a2a2bc8782889682f
large_icon/ui_ld_icon_721.ice,25\6f427455beb7478c565fec6adf746b
large_icon/ui_ld_icon_730.ice,ef\269dc886160033bd67925847c76353
large_icon/ui_ld_icon_731.ice,81\258bc32900f02e1ef9104fcbc8b392
large_icon/ui_ld_icon_740.ice,aa\139e10aee0e8b5e70986e200e68587
large_icon/ui_ld_icon_741.ice,19\24904d1f64793ea7e500bf96de5250
large_icon/ui_ld_icon_750.ice,1e\4fa3eb6e67d137b7fcbae2e7acc9c0
large_icon/ui_ld_icon_751.ice,2a\7e490d38c47717f66a6e939fb27779
large_icon/ui_ld_icon_760.ice,bd\0f1b724b8799f000359dcd9da5bb1b
large_icon/ui_ld_icon_761.ice,d0\62e968e16db9c37f9b6ca3df983a11
large_icon/ui_ld_icon_770.ice,c7\861eab4388ab4c8a6c0ca8a79084da
large_icon/ui_ld_icon_771.ice,91\19c652f5bd9d639fb9a3165c7d46e0
large_icon/ui_ld_icon_780.ice,29\0346b5d4b4b4392659d95cf8ec1368
large_icon/ui_ld_icon_781.ice,f1\b5c53eb0be082b0fdae4f62de1532f
large_icon/ui_ld_icon_790.ice,42\763614923359389ae200074d6ab568
large_icon/ui_ld_icon_791.ice,c8\1e35f090117ce09962b54a6e513a48
large_icon/ui_ld_icon_800.ice,5a\26aae48913222744163393cbe996bd
large_icon/ui_ld_icon_801.ice,5f\eba0030bd640af6a3c6b066168f4cf
large_icon/ui_ld_icon_810.ice,f3\32679f26cb0e19d702e0d76d356397
large_icon/ui_ld_icon_811.ice,f7\c962a2deb8b107ee62fee071f01139
large_icon/ui_ld_icon_820.ice,c2\bfb66b4e44052d7cf4b789b96bb590
large_icon/ui_ld_icon_821.ice,36\33073106b4767e3ea7a9db5fd1227c
large_icon/ui_ld_icon_830.ice,e5\696c2582b6b8704700d39316bd11af
large_icon/ui_ld_icon_831.ice,ba\8750387948f751c12cbeec9119f041
large_icon/ui_ld_icon_840.ice,0c\68ccd1f2e1cab22cd50423b55ab37b
large_icon/ui_ld_icon_841.ice,1b\ab14b8779f1fb6e8b195e3cf189ec9
large_icon/ui_ld_icon_850.ice,7e\8700f729e7acbfbde9f63232734971
large_icon/ui_ld_icon_851.ice,9d\3bc1f8aa8421a37ec084c117675ba7
large_icon/ui_ld_icon_860.ice,34\de00034ed07231cf01bcf3cf351106
large_icon/ui_ld_icon_861.ice,6a\f34ea1ed8819c3bd3286282257f413
large_icon/ui_ld_icon_870.ice,1e\347984850a011a7d091b41cdc6efda
large_icon/ui_ld_icon_871.ice,61\adb00f1ac1be645dc2cc587d7b9fb1
large_icon/ui_ld_icon_880.ice,6d\cfd42f3eeafd39db8b8e66032b969b
large_icon/ui_ld_icon_881.ice,3e\5868f6af14c65735ccc2e6550c69d0
large_icon/ui_ld_icon_890.ice,4e\2654f30592eddc3db4c68b7e9680a4
large_icon/ui_ld_icon_891.ice,91\2ae99fbf20bc47ddff89cdd15b0b35
large_icon/ui_ld_icon_900.ice,db\39e5a294345b48afbfaa3d620daf9f
large_icon/ui_ld_icon_901.ice,20\2340937230848d6455ac1f97f15345
large_icon/ui_ld_icon_910.ice,48\5b3fbdc035b432bc68c78fac3687f7
large_icon/ui_ld_icon_911.ice,65\43231189d6e2740618aaafe3f42021
large_icon/ui_ld_icon_920.ice,a7\253370d6054dec45052d2c9c34f001
large_icon/ui_ld_icon_921.ice,f2\fdd4c193d349e18b91c23f34a9dc93
large_icon/ui_ld_icon_930.ice,06\62606a9ff6961c6cee1e3f7eabc4a6
large_icon/ui_ld_icon_931.ice,b9\e27c0147687cd3a8a1a5f4b4ec01b6
large_icon/ui_ld_icon_940.ice,c8\d8e7021e865c29851eb4325fcb5bed
large_icon/ui_ld_icon_941.ice,07\f86f5306bad91c086e52a58c35bbe1
large_icon/ui_ld_icon_950.ice,ec\182e10ee2946be79db62d1daf2a696
large_icon/ui_ld_icon_951.ice,c2\86d7cbc6ad47a22fd293f54e4765f9
large_icon/ui_ld_icon_960.ice,28\c9f0ebddb7532a42de002e61e3cec0
large_icon/ui_ld_icon_961.ice,44\4ac9aca11bf1d4c39aab8704f1db7b
large_icon/ui_ld_icon_970.ice,c7\1af45652b066d0c70bfea0e7f976d2
large_icon/ui_ld_icon_971.ice,c1\2105a1bba9d3bbab99a53552feec24
large_icon/ui_ld_icon_980.ice,1d\3e8303e3cef7c30a3d8e0318201e4c
large_icon/ui_ld_icon_981.ice,60\746e71c3a1a1f0f4fd9265b86bd464
large_icon/ui_ld_icon_990.ice,0a\012fabb8575157846354d44be62312
large_icon/ui_ld_icon_991.ice,eb\fdcba5b291f53b53d54e1728ea3b75
large_icon/ui_ld_icon_1000.ice,e3\d4089f3a5cd429171ace5744d9bcce
large_icon/ui_ld_icon_1001.ice,f0\50c83b1dc794c484f6d1879bf76546
large_icon/ui_ld_icon_1010.ice,b3\72fc70593b885598a372deabfdf911
large_icon/ui_ld_icon_1011.ice,d7\f0789a9cbe4cfde7d780fbc09c1326
large_icon/ui_ld_icon_1020.ice,cf\e8ed2b632357978eb5b73d8f365807
large_icon/ui_ld_icon_1021.ice,d0\b4c36ab7666d2ab901f85805a058d2
large_icon/ui_ld_icon_1030.ice,64\eeb2dfd008d96e0c5c1af9eb69c237
large_icon/ui_ld_icon_1031.ice,e1\5da69ffb7902ec8bbd146d33c9d949
large_icon/ui_ld_icon_1040.ice,4d\a6c9161c601f77be6f9a327c50841b
large_icon/ui_ld_icon_1041.ice,24\16b2d67645d72f12a255dd61fab815
large_icon/ui_ld_icon_1050.ice,b8\6817d0d7eda8e978b84e4ca2b78c88
large_icon/ui_ld_icon_1051.ice,73\523701dc726effa4836c4c58b86a7e
large_icon/ui_ld_icon_1060.ice,c0\aa9f35ad8ade9bcbfda8ea8da405c2
large_icon/ui_ld_icon_1061.ice,b3\331c1e964b7527603f119ab158816d
large_icon/ui_ld_icon_1070.ice,be\a2a728803538df0d5c10310fdcd3aa
large_icon/ui_ld_icon_1071.ice,18\1ac19bdaabe685e0266d4c6b2b61a7
large_icon/ui_ld_icon_1080.ice,7b\18e3c12e160bff77fe923dfa69d9dd
large_icon/ui_ld_icon_1081.ice,5d\751ed59f04d3d8582bf782b2cb1bf1
large_icon/ui_ld_icon_1090.ice,bc\1c69a668e16d5e68cc5612402eab32
large_icon/ui_ld_icon_1091.ice,3b\9cfa16fe22463b58db581c007bf067
large_icon/ui_ld_icon_1100.ice,72\74ef92676b5a8efd9d259f855568b0
large_icon/ui_ld_icon_1101.ice,01\06380c272ad205ef44e2dbf7a82112
large_icon/ui_ld_icon_1110.ice,48\8ac381c345d092c8efe4cafa854d26
large_icon/ui_ld_icon_1111.ice,74\0c46487a486f901aa794e1c3d776a6
large_icon/ui_ld_icon_1120.ice,a6\1536077f7c37f2b15032c86063024b
large_icon/ui_ld_icon_1121.ice,bd\d1ba18817badce2a79e9716bd7dd24
large_icon/ui_ld_icon_1130.ice,c5\27ac0bfc358d17b6e58931131748a2
large_icon/ui_ld_icon_1131.ice,fa\d94975acae87af8f153c2fe4d0de43
large_icon/ui_ld_icon_1140.ice,29\fee381b45546540b0a866ae3f8b43d
large_icon/ui_ld_icon_1141.ice,f2\74ea331e7c971af4e940f85f149d5b
large_icon/ui_ld_icon_1150.ice,14\62a80703f7b287316c384ad0f89ae3
large_icon/ui_ld_icon_1151.ice,cb\4d3f33aa3e6a6f64844199dd32bbf8
large_icon/ui_ld_icon_1170.ice,a4\f9a2330401a82ff94f85068eb386f1
large_icon/ui_ld_icon_1171.ice,55\34c43591dd4cd51149fd97e0923100
large_icon/ui_ld_icon_1180.ice,e4\373e851b08be637731dbd18e7e3d90
large_icon/ui_ld_icon_1181.ice,15\0be8340814329dab39d248c133e676
large_icon/ui_ld_icon_1190.ice,9f\2314b08c38babd9facba1755c413df
large_icon/ui_ld_icon_1191.ice,70\19efbc947188ded8263990134f55f6
large_icon/ui_ld_icon_1200.ice,c5\fbda110abea51104f85de2aa54a1df
large_icon/ui_ld_icon_1201.ice,b6\22d4a57354eb070ad503c3106d6387
large_icon/ui_ld_icon_1210.ice,b1\275c10875556ab799f72063a388013
large_icon/ui_ld_icon_1211.ice,57\0dbb11a6df239150d28db30e9c0750
large_icon/ui_ld_icon_1220.ice,19\e3ee608ca371cd50d137a705c3a656
large_icon/ui_ld_icon_1221.ice,d0\9234fa1c5c1c927730d5eb92f19c65
large_icon/ui_ld_icon_1230.ice,a9\d3973d150cacf6dd54b372f918bafb
large_icon/ui_ld_icon_1231.ice,7b\7a6f312c5ae52cda512344e3b7e6b8
large_icon/ui_ld_icon_1240.ice,9a\c9c7f9fe6d9588730eea3e29b0f5cb
large_icon/ui_ld_icon_1241.ice,f6\0ae1d2c8f479d327bfaaf9965ec799
large_icon/ui_ld_icon_1250.ice,8f\65d2daf9509bbdc339cbfc0cf51a61
large_icon/ui_ld_icon_1251.ice,3b\2057f95fd08a5ff4e6a89002e1d243
large_icon/ui_ld_icon_1260.ice,af\b7ab3f1ef8e7e1de144b14e85881f9
large_icon/ui_ld_icon_1261.ice,f1\17e7fc184bec06d740110999cf311f
large_icon/ui_ld_icon_1270.ice,0b\def6104ca5ad93b43e87b45a0c488b
large_icon/ui_ld_icon_1271.ice,bd\fe61562c0de42b04dc0d94e50bba22
large_icon/ui_ld_icon_1280.ice,1f\d2318e516d29ecab17c9c9cab577a2
large_icon/ui_ld_icon_1281.ice,6a\b0503e745c0fd61d4080ffc636de23
large_icon/ui_ld_icon_1290.ice,6d\4df61dbdc4833c01f6dc212f22b113
large_icon/ui_ld_icon_1291.ice,d3\948cd1a1a41120b7a1e7ee3ebbd403
large_icon/ui_ld_icon_1300.ice,a1\05d040fdc5a0f377295f7500c4cc1c
large_icon/ui_ld_icon_1301.ice,44\84977162fbbbbd8af1acd14872ef3e
large_icon/ui_ld_icon_1310.ice,d1\e0f3a77384b4b7dc8f6683a8c64d3f
large_icon/ui_ld_icon_1311.ice,d5\58b74268c238ee7d1a0c402b6b8b03
large_icon/ui_ld_icon_1321.ice,4f\347f986b54cb3e015137993cc8dc2d
large_icon/ui_ld_icon_1331.ice,ae\578a240fa4926a1d783d46af780373
