large_icon/ui_ld_board_0.ice,4d\6812256a1fd59a38b5d814bfe200a1,,,,
large_icon/ui_ld_board_1.ice,1c\bbca0e02f8501db3c5431d437c2cbf,large_icon/ui_item_611000001.ice,06\232ac728c6105e99ab7ccb42325a7f,,
large_icon/ui_ld_board_2.ice,7b\23ec75371fb1d26e98c85d4de16deb,large_icon/ui_item_611000002.ice,01\3090dc7dfdefb01ea9031b0f958323,,
large_icon/ui_ld_board_3.ice,e5\978c8e7ce88157b2b4f90051f15d3c,large_icon/ui_item_611000003.ice,2a\a3e30133557f7a93af783e26523c53,large_icon/ui_item_609000003_64.ice,2a\076b2c360657c4448a60a6887d3a7e
large_icon/ui_ld_board_4.ice,07\6f60469edba978b29bc22fbbcb0217,large_icon/ui_item_611000004.ice,f4\0430769d3ae42af18632b34f820fd8,large_icon/ui_item_609000004_64.ice,fa\b405960f5427c13877c84190db4dec
large_icon/ui_ld_board_5.ice,7b\0acc6124e1708ed3a6ab7420550177,large_icon/ui_item_611000005.ice,3a\5393a31d8c977895a023f03678d185,large_icon/ui_item_609000005_64.ice,96\dfd905550af677de9ee955d84479cb
large_icon/ui_ld_board_6.ice,0b\893728018b35dcdefc621aa23bece4,large_icon/ui_item_611000006.ice,2f\eddb18b2e4962e652a78f1f29afe99,,
large_icon/ui_ld_board_7.ice,bb\512dacaff3ce5965e93576952c0d54,large_icon/ui_item_611000007.ice,46\843ce34139ed22b1bc9fb4c713038b,,
large_icon/ui_ld_board_8.ice,0b\8cd4aed63a3c0b04cbcdeb130b540a,large_icon/ui_item_611000008.ice,89\4e22bf54e3210bcbab516d4f67d9d4,,
large_icon/ui_ld_board_9.ice,86\84a58308a86649b8ff9c6197f28f88,large_icon/ui_item_611000009.ice,33\fe5e14bc154b32ffda0c434b0a0846,,
large_icon/ui_ld_board_10.ice,83\3c1cd0b3c4a0fc3144dc5f76ac0b33,large_icon/ui_item_611000010.ice,84\78be64d6db87fcfc5b3367a652f103,large_icon/ui_item_609000010_64.ice,aa\5c60a2fe1d962c13af84c8c64035ac
large_icon/ui_ld_board_11.ice,39\bb0866f2e8c9ec76a72dbe52c9d842,large_icon/ui_item_611000011.ice,51\e86108ecee6e8b0c840bb95255ee52,large_icon/ui_item_609000011_64.ice,78\e0fedfd99567d368e2a8b9850cce13
large_icon/ui_ld_board_12.ice,84\48a35e26b82d6f8452cb9b44906dfc,large_icon/ui_item_611000012.ice,9a\eac60649fbacc047f083bc7c9ccfc0,,
