ナウラ長女,Eldest Naura Sister,npc_bt_voice/11_sound_voice_bt_npc_5105.ice,152bc3e597494b24c6121a08198bb5ff
ナウラ長女,Eldest Naura Sister,npc_bt_voice/11_sound_voice_bt_npc_5106.ice,afa45939f4a9df7ce3ff1af6d57a08ad
テオドール,Theodor,npc_bt_voice/11_sound_voice_bt_npc_5100.ice,8a93c1b7faea9a3d207a5ef95feae096
クラリスクレイス,Klariskrays,npc_bt_voice/11_sound_voice_bt_npc_5107.ice,5b3e1cd8f11b62cb63b73465ffed769f
ロク,Roku,npc_bt_voice/11_sound_voice_bt_npc_5111.ice,9e93a2edecb2f1defdcc82915da6eb3d
トレイス,Tres,npc_bt_voice/11_sound_voice_bt_npc_5112.ice,054fa1aa566cd407fd68a3d0a4abd5cb
ツー,Duo,npc_bt_voice/11_sound_voice_bt_npc_5113.ice,1aea60e8c31c8769f7479b07e06b6ffa
キャトル,Quatre,npc_bt_voice/11_sound_voice_bt_npc_5114.ice,b794c8a44d700fb381103e989614e75a
カムサー,Kamsa,npc_bt_voice/11_sound_voice_bt_npc_5115.ice,4644f1eaebb2e2c7e3518e3bf698e75e
アイン,Ein,npc_bt_voice/11_sound_voice_bt_npc_5116.ice,815d81370bf4104aa3c9986e69840ddf
＊＊＊＊,,npc_bt_voice/11_sound_voice_bt_npc_5125.ice,562810d4c42fc366f28889765a8b44f3
＊＊＊＊,,npc_bt_voice/11_sound_voice_bt_npc_5126.ice,019938a992e5b7201d20f33f43b9aaee
＊＊＊＊,,npc_bt_voice/11_sound_voice_bt_npc_5127.ice,f30d66afc444da4aa95e16cfebec1ce5
＊＊＊＊,,npc_bt_voice/11_sound_voice_bt_npc_5128.ice,17cd4c80e4cdedcbdcfcd44967c0b85b
クラリスクレイス,Klariskrays,npc_bt_voice/11_sound_voice_bt_npc_5135.ice,dd0a70f61ff304825094531f5b140bfc
マトイ,Matoi,npc_bt_voice/11_sound_voice_bt_npc_5131.ice,4f52bf0413047a06fee0f6e3042affc7
マトイ,Matoi,npc_bt_voice/11_sound_voice_bt_npc_5132.ice,a2f92a9791325329b218eafe96903ad1
ヒューイ,Huey,npc_bt_voice/11_sound_voice_bt_npc_5133.ice,0210aa8cf48f8cc16d4d6a7b33828a5a
マリア,Maria,npc_bt_voice/11_sound_voice_bt_npc_5143.ice,5c32948d6da9403bb7c0cca0af56042b
ゼノ,Zeno,npc_bt_voice/11_sound_voice_bt_npc_5154.ice,550fe159ed14fdd3003c68633ec6d2b2
ヒューイ,Huey,npc_bt_voice/11_sound_voice_bt_npc_5155.ice,412f1a4b94d13e45fc557b636b6ec9a1
マリア,Maria,npc_bt_voice/11_sound_voice_bt_npc_5156.ice,c2e18cbea1118a50b1ab0fb979a1e470
クーナ,Quna,npc_bt_voice/11_sound_voice_bt_npc_5157.ice,57347198fc5e69d5b8f68e06bdaa0d87
イオ,Io,npc_bt_voice/11_sound_voice_bt_npc_5176.ice,b921559f0a916322d17e735c5780a780
パティ,Pati,npc_bt_voice/11_sound_voice_bt_npc_5177.ice,4b53fe0aeb20f21d3587223be46992d5
ティア,Tia,npc_bt_voice/11_sound_voice_bt_npc_5178.ice,e9f7c1e6fd6be5496d76555266c3d8a7
アザナミ,Azanami,npc_bt_voice/11_sound_voice_bt_npc_5179.ice,0dd43cc5d7a21627fb2c2ae61faf0821
ロッティ,Lottie,npc_bt_voice/11_sound_voice_bt_npc_5180.ice,0006b03a4c2763ffcd7d4547f71600dd
エコー,Echo,npc_bt_voice/11_sound_voice_bt_npc_5181.ice,fc5de51bdd61396f17f64ab7e6ab8e21
ゼノ,Zeno,npc_bt_voice/11_sound_voice_bt_npc_5182.ice,4b1b7df22780ccbc2bce14c2957d698f
ヒューイ,Huey,npc_bt_voice/11_sound_voice_bt_npc_5183.ice,e35a8b6df14c7d9c9e4ebe4765f01ef1
テオドール,Theodor,npc_bt_voice/11_sound_voice_bt_npc_5153.ice,61e1259676a64833ae12f8259548641e
スクナヒメ,Sukunahime,npc_bt_voice/11_sound_voice_bt_npc_5149.ice,dbd18f5d1811a1e4bcb364f0ff64207b
カトリ,Katori,npc_bt_voice/11_sound_voice_bt_npc_5150.ice,cada6a8b15cbd249eab51a7cfaf7e072
サガ,Saga,npc_bt_voice/11_sound_voice_bt_npc_5151.ice,2167f07b9714adbed7edc1d02199c122
マトイ,Matoi,npc_bt_voice/11_sound_voice_bt_npc_5185.ice,62340abe6607e5d9dac9d40a1c4fc9fd
クラリスクレイス,Klariskrays,npc_bt_voice/11_sound_voice_bt_npc_5186.ice,1c0c8de851002829ca56775977d4e6ef
サラ,Sarah,npc_bt_voice/11_sound_voice_bt_npc_5187.ice,46b98d3a6c16973673aec69850684a22
エコー,Echo,npc_bt_voice/11_sound_voice_bt_npc_5188.ice,276a2707d4949c628d498a798f554203
サラ,Sarah,npc_bt_voice/11_sound_voice_bt_npc_5194.ice,ca71e795454f373cfb6e3f0271154bb5
マトイ,Matoi,npc_bt_voice/11_sound_voice_bt_npc_5195.ice,1faa06753e913c543f28bf6173d1b019
ナギサ,Nagisa,npc_bt_voice/11_sound_voice_bt_npc_5108.ice,12d5274efe990d6d0f0e0fea91f1518b
【巨躯】,Elder the Gargantuan,npc_bt_voice/11_sound_voice_bt_npc_5202.ice,22b8836c49393c02a222fd7a8b5dff59
メルランディア,Melrandia,npc_bt_voice/11_sound_voice_bt_npc_5209.ice,a1df8d903d90c99650fcb5d218f3a102
ルーサー,Luther,npc_bt_voice/11_sound_voice_bt_npc_5152.ice,940fe2d8d35f8719874e22e5488c52ab
アフィン,Afin,npc_bt_voice/11_sound_voice_bt_npc_5210.ice,9cde2dbed6c79231590564727451df4b
マトイ,Matoi,npc_bt_voice/11_sound_voice_bt_npc_5213.ice,d5522bf6424a6d6469a51d4b940931f9
ナギサ,Nagisa,npc_bt_voice/11_sound_voice_bt_npc_5245.ice,b8d0b87a39e53e3718d410f44af466b6
カトリ,Katori,npc_bt_voice/11_sound_voice_bt_npc_5246.ice,7870f3754e84aee2ac4fb242fc8326ec
ゼノ,Zeno,npc_bt_voice/11_sound_voice_bt_npc_5247.ice,054467a5d4f008d575911e7ef46b4f7a
ヒューイ,Huey,npc_bt_voice/11_sound_voice_bt_npc_5248.ice,0c62cb67d141abecbeb339151e495210
テオドール,Theodor,npc_bt_voice/11_sound_voice_bt_npc_5249.ice,6d82da8d1329be95298a66dfa4960c16
エコー,Echo,npc_bt_voice/11_sound_voice_bt_npc_5250.ice,d116c1674a57d5adea88b44c413df570
パティ,Pati,npc_bt_voice/11_sound_voice_bt_npc_5251.ice,0e4cae93f0040f8fad35a0360cc6fc1b
ティア,Tia,npc_bt_voice/11_sound_voice_bt_npc_5252.ice,25a9763e6884e17e681ad5b11690a49f
イオ,Io,npc_bt_voice/11_sound_voice_bt_npc_5253.ice,f937d718d127d96503134a0f574b7ae0
レギアス,Regius,npc_bt_voice/11_sound_voice_bt_npc_5258.ice,fb43427466521409f83665fd0de628b1
ピエトロ,Pietro,npc_bt_voice/11_sound_voice_bt_npc_5242.ice,cd3c2ba34cb8ff6394eede2b83fb681c
ヒツギ,Hitsugi,npc_bt_voice/11_sound_voice_bt_npc_5260.ice,d2a3cf8c0fd20f54c6ac5198b1e0511a
イオ,Io,npc_bt_voice/11_sound_voice_bt_npc_5272.ice,ba79f30694b186aaf33428f7080352da
【仮面】,Persona the Masked,npc_bt_voice/11_sound_voice_bt_npc_5280.ice,e1a1a4e80a112b80ad1054dd4a59c265
パティ,Pati,npc_bt_voice/11_sound_voice_bt_npc_5281.ice,f52fc21e126bf21fc089524de5e337b4
ティア,Tia,npc_bt_voice/11_sound_voice_bt_npc_5282.ice,a5fc0ce51b3783766917ef0959308b8b
オーザ,Oza,npc_bt_voice/11_sound_voice_bt_npc_5283.ice,1d97d6dd3fac3ceb6a711fc7be544a4d
マールー,Marlu,npc_bt_voice/11_sound_voice_bt_npc_5284.ice,ebca957b41c4a595fb540ae40a867096
クラリスクレイス,Klariskrays,npc_bt_voice/11_sound_voice_bt_npc_5285.ice,6ef622ffa989405db674f18b8028ae57
ヒューイ,Huey,npc_bt_voice/11_sound_voice_bt_npc_5286.ice,0f98aa09a75fcd985d03f1d5101f8f97
ユクリータ,Euclyta,npc_bt_voice/11_sound_voice_bt_npc_5287.ice,49ec6419fd15f965b1ca731f1f7cb5db
ユクリータ,Euclyta,npc_bt_voice/11_sound_voice_bt_npc_5227.ice,a116b20eccdfe8caed8443f890bf7207
ユクリータ,Euclyta,npc_bt_voice/11_sound_voice_bt_npc_5259.ice,99e60e406d32b510ad56faa19b9845ce
ロッティ,Lottie,npc_bt_voice/11_sound_voice_bt_npc_5288.ice,83984eb4dc3105a04b18ca2d48f19d9b
ルベルト,Rubert,npc_bt_voice/11_sound_voice_bt_npc_5289.ice,fa33b4ce81221b3c67f91290c778556e
クラリスクレイス,Klariskrays,npc_bt_voice/11_sound_voice_bt_npc_5292.ice,fe66e30a8d88b7df91f27904dea7c0f1
サラ,Sarah,npc_bt_voice/11_sound_voice_bt_npc_5293.ice,81f15cf34c3531a849dd72d733eda69b
アイカ,Aika,npc_bt_voice/11_sound_voice_bt_npc_5254.ice,dd02ddea9b87b07256cd0c564482b9ec
エンガ,Enga,npc_bt_voice/11_sound_voice_bt_npc_5296.ice,d96bffca84cbcb17caa4788299a1d473
リコ,Rico,npc_bt_voice/11_sound_voice_bt_npc_5298.ice,bce22dfea7351caca956dddeaea1bc1a
フロウウェン,Flowen,npc_bt_voice/11_sound_voice_bt_npc_5299.ice,61bf572844f98f563194ce0ea31dec4f
ヒツギ,Hitsugi,npc_bt_voice/11_sound_voice_bt_npc_5311.ice,c43218158eaa9f6b8d06a20b82c340a2
ＲＩＮＡ,RINA,npc_bt_voice/11_sound_voice_bt_npc_5314.ice,2d29d961afa62f20c4afdc47c539f56e
ＳＯＲＯ,SORO,npc_bt_voice/11_sound_voice_bt_npc_5315.ice,3ecd2e66911381173e35730adecf44f1
イツキ,Itsuki,npc_bt_voice/11_sound_voice_bt_npc_5316.ice,08b83cf71fd07d8092649329119e693c
イツキ,Itsuki,npc_bt_voice/11_sound_voice_bt_npc_5318.ice,366941ab41249e9992b47b50a33806a8
リリカ,Lillika,npc_bt_voice/11_sound_voice_bt_npc_5319.ice,9480cea9dfe585f15a348ee4c5981639
†コア†,Koa,npc_bt_voice/11_sound_voice_bt_npc_5320.ice,9dd4f14cf3ac1457bf9054a9d64f951f
弓子,Yumiko,npc_bt_voice/11_sound_voice_bt_npc_5321.ice,d3ca5ca5de7bd1ddcd5868b13d8c19d0
ラスト侍,Last Samurai,npc_bt_voice/11_sound_voice_bt_npc_5322.ice,13f0668957c8fbab222ab914a4f3b56c
ムサシ,Musashi,npc_bt_voice/11_sound_voice_bt_npc_5323.ice,f01802f2e357af25a8d388dac6678759
RINA,RINA,npc_bt_voice/11_sound_voice_bt_npc_5327.ice,cd4350f3babb529cc855967f6d3db676
弓子,Yumi,npc_bt_voice/11_sound_voice_bt_npc_5328.ice,93e1ad732f06ea58fe9843f7ac7cfecc
ピエトロ,Pietro,npc_bt_voice/11_sound_voice_bt_npc_5329.ice,9fc7114a64a59dcebf902e681af37fe6
アフィン,Afin,npc_bt_voice/11_sound_voice_bt_npc_5330.ice,d96127998ac71f08cf2e6a0a8112a2ab
イツキ,Itsuki,npc_bt_voice/11_sound_voice_bt_npc_5331.ice,90ab921687338b191d7006d5769a99c1
イツキ,Itsuki,npc_bt_voice/11_sound_voice_bt_npc_5332.ice,63ec642aba456d48469a4ad8d1ac8e65
SORO,SORO,npc_bt_voice/11_sound_voice_bt_npc_5333.ice,b03a862651a1a9025ad2c19d21ffcd38
ラスト侍,Last Samurai,npc_bt_voice/11_sound_voice_bt_npc_5334.ice,99236474fe47e7f15b66c86d8633c53f
カトリ,Katori,npc_bt_voice/11_sound_voice_bt_npc_5335.ice,fb1f4dc2ca08467556547990668f7db6
イオ,Io,npc_bt_voice/11_sound_voice_bt_npc_5336.ice,b5d9272e1f02c017fd708b74ea87cc52
エコー,Echo,npc_bt_voice/11_sound_voice_bt_npc_5337.ice,13dc35bc075616ad6fbda46e255a67ef
ナギサ,Nagisa,npc_bt_voice/11_sound_voice_bt_npc_5338.ice,724c9bc938ff087df7d1427c191b4713
ゼノ,Zeno,npc_bt_voice/11_sound_voice_bt_npc_5339.ice,4537649c2fd906a6a3e22d23a53e1976
パティ,Pati,npc_bt_voice/11_sound_voice_bt_npc_5340.ice,feb2532d30620d14f572262d22b4bcd9
ティア,Tia,npc_bt_voice/11_sound_voice_bt_npc_5341.ice,8d302fa3246bc445d8a8b3bd850695fc
アイカ,Aika,npc_bt_voice/11_sound_voice_bt_npc_5342.ice,06d1645c0530b77f8e46d80e008b6bc8
キッド,Kid,npc_bt_voice/11_sound_voice_bt_npc_5346.ice,890418280f39fe320a37c7bf1ebf07a3
シルバ,Silva,npc_bt_voice/11_sound_voice_bt_npc_5347.ice,3a4da9d363d981b43bdad8213fc0efd6
イーサン,Ethan,npc_bt_voice/11_sound_voice_bt_npc_5221.ice,6c9efd0c3ceaefe5e01548779ad09500
カレン,Karen,npc_bt_voice/11_sound_voice_bt_npc_5220.ice,c59447b5a138bb9679bb6523f1f4c309
バルト,Balt,npc_bt_voice/11_sound_voice_bt_npc_5352.ice,bfb2adafb769749b89e676726ef05d98
カジ,Scandi,npc_bt_voice/11_sound_voice_bt_npc_5353.ice,1c79f09dd5b2c797bdd055710f0c88dc
カッパー,Coppe,npc_bt_voice/11_sound_voice_bt_npc_5354.ice,c9b6ba87762d7487d65fd9c7b04ee05b
マガ,Manganee,npc_bt_voice/11_sound_voice_bt_npc_5355.ice,babb62dee46ecbc23625eec52943dbc5
ニケ,Nicke,npc_bt_voice/11_sound_voice_bt_npc_5356.ice,2d028ae44b13a792cfc9635c5875eabe
チータ,Tita,npc_bt_voice/11_sound_voice_bt_npc_5357.ice,3e548a7c0a563d22b5d1702fef3403e7
ヴァナム,Vanadi,npc_bt_voice/11_sound_voice_bt_npc_5358.ice,984ef239579447ab323687d736464605
アイア,Iro,npc_bt_voice/11_sound_voice_bt_npc_5359.ice,3608e172538a5902a77985868a46ff7c
ヒューイ,Huey,npc_bt_voice/11_sound_voice_bt_npc_5343.ice,b8e62a556af4da13dd3585407e582b37
オーガキャッツ,OrgaCats,npc_bt_voice/11_sound_voice_bt_npc_5348.ice,1105f6231eb4d3a01884f30987c385e7
マスターネズミ,Master Nezumi,npc_bt_voice/11_sound_voice_bt_npc_5349.ice,65b31f8c0f879f3aa0822dde4206232c
エンガ,Enga,npc_bt_voice/11_sound_voice_bt_npc_5361.ice,b2dc2271123dddf09815612cf004c19f
エミリア,Emilia,npc_bt_voice/11_sound_voice_bt_npc_5222.ice,84437537610ca07f3f3a9e42df562f3f
ルミア,Lumia,npc_bt_voice/11_sound_voice_bt_npc_5223.ice,873563eff592fd628708ece42865d9a6
ヒツギ,Hitsugi,npc_bt_voice/11_sound_voice_bt_npc_5325.ice,0ecd1de23ba25099bd83905c972e6ce8
ヴィヴィアン,Vivienne,npc_bt_voice/11_sound_voice_bt_npc_5363.ice,51fa23bd95db6f286cef87a60543a11b
パティ,Pati,npc_bt_voice/11_sound_voice_bt_npc_5364.ice,900c15975c5f45bb103c9a3c579a4d51
ティア,Tia,npc_bt_voice/11_sound_voice_bt_npc_5365.ice,72ae813b74106de84c6de74b197da361
クーナ,Quna,npc_bt_voice/11_sound_voice_bt_npc_5366.ice,899886c95aa96e465743262a6b4c326f
アイカ,Aika,npc_bt_voice/11_sound_voice_bt_npc_5367.ice,2e5c681e74e3af67f88a932743f4d026
アフィン,Afin,npc_bt_voice/11_sound_voice_bt_npc_5368.ice,e57f401b9e0af1fa24ab27f7e5ffeca4
ユクリータ,Euclyta,npc_bt_voice/11_sound_voice_bt_npc_5369.ice,1fe145040cd256dc8a3d1da31603cedc
サラ,Sarah,npc_bt_voice/11_sound_voice_bt_npc_5370.ice,2b5edab5282087b74e41abb341c46267
クラリスクレイス,Klariskrays,npc_bt_voice/11_sound_voice_bt_npc_5371.ice,1a60b8db32e217b73da48bfa5c99d736
ピエトロ,Pietro,npc_bt_voice/11_sound_voice_bt_npc_5372.ice,191906a650fbe691bfe1cceb4c6e3e36
リサ,Risa,npc_bt_voice/11_sound_voice_bt_npc_5373.ice,e5481b639901046d0e555d1ca8fa5e95
フーリエ,Fourie,npc_bt_voice/11_sound_voice_bt_npc_5374.ice,ff723ca075090a73d1f79a8b81dcfc5f
オーガキャッツ,OrgaCats,npc_bt_voice/11_sound_voice_bt_npc_5375.ice,449a3f2e8fc1523164a0467fdfb1d83a
マスターネズミ,Master Nezumi,npc_bt_voice/11_sound_voice_bt_npc_5376.ice,d7df26bef9d7fcd36027d2d7b8c05cb6
マトイ,Matoi,npc_bt_voice/11_sound_voice_bt_npc_5193.ice,8ec6710920ca0821ba074f3f23af3d0d
ヒューイ,Huey,npc_bt_voice/11_sound_voice_bt_npc_5381.ice,c7f31028bd71b19cfa83a9353f21f041
コオリ,Kohri,npc_bt_voice/11_sound_voice_bt_npc_5362.ice,45b893cb729e32ba78bfc54f9b9c2edb
コオリ,Kohri,npc_bt_voice/11_sound_voice_bt_npc_5312.ice,1f10fcb6c3f7fbcfe96801bb852de8cc
アイカ,Aika,npc_bt_voice/11_sound_voice_bt_npc_5382.ice,32641970c799677bbbea86dda925524d
カトリ,Katori,npc_bt_voice/11_sound_voice_bt_npc_5383.ice,9cd20369982ffc0e21245d15989653fe
マトイ,Matoi,npc_bt_voice/11_sound_voice_bt_npc_5384.ice,dce4d6fb7364a3a44a44f9eb5df8ffd7
キッド,Kid,npc_bt_voice/11_sound_voice_bt_npc_5385.ice,4b115c66649284efa5b8dc5ecfe583e4
SORO,SORO,npc_bt_voice/11_sound_voice_bt_npc_5386.ice,716f88582776db68de91a03b91f14bb0
リリカ,Lillika,npc_bt_voice/11_sound_voice_bt_npc_5387.ice,88ab23f64405a55f3f0d83ea777260e8
ムサシ,Musashi,npc_bt_voice/11_sound_voice_bt_npc_5388.ice,c8025b4c5ee0eb888d167b012a67a18e
†コア†,Koa,npc_bt_voice/11_sound_voice_bt_npc_5389.ice,590468a8c746af1a8c84c392b48280c8
イツキ,Itsuki,npc_bt_voice/11_sound_voice_bt_npc_5390.ice,e556c4b684cc933a9d25fcf25c59300f
SORO,SORO,npc_bt_voice/11_sound_voice_bt_npc_5400.ice,cc760beda19ee5c010729b66c01e394c
イツキ,Itsuki,npc_bt_voice/11_sound_voice_bt_npc_5401.ice,d2a4b0ce8ce18c73bc2261f1c5633d25
イツキ,Itsuki,npc_bt_voice/11_sound_voice_bt_npc_5402.ice,38f766582d26432b1da70eefd4e29021
†コア†,Koa,npc_bt_voice/11_sound_voice_bt_npc_5403.ice,7786eca0150981acb4f5db70b4cc4855
ラスト侍,Last Samurai,npc_bt_voice/11_sound_voice_bt_npc_5404.ice,c5b6e308227408c12658950a459ead15
ムサシ,Musashi,npc_bt_voice/11_sound_voice_bt_npc_5405.ice,1afc8bf2b3d56c0ebe414e6c782d397d
キッド,Kid,npc_bt_voice/11_sound_voice_bt_npc_5406.ice,de0f9cafc7c9d7a463173ec8ca63425e
エンガ,Enga,npc_bt_voice/11_sound_voice_bt_npc_5380.ice,27a0acaffb3e9aedc1e6a93199d6928a
エンガ,Enga,npc_bt_voice/11_sound_voice_bt_npc_5409.ice,f40c98f98aaedab8d3a5be479d95020d
コオリ,Kohri,npc_bt_voice/11_sound_voice_bt_npc_5410.ice,4b8e3c664172885bc2bcebb4ae5b09c7
ヒツギ,Hitsugi,npc_bt_voice/11_sound_voice_bt_npc_5411.ice,b03490b4a94be51e01d1ef07bcdd9ea0
ライア,Laia,npc_bt_voice/11_sound_voice_bt_npc_5412.ice,c2111e8147ae9daecb472cbd9b9bca16
ストラトス,Stratos,npc_bt_voice/11_sound_voice_bt_npc_5437.ice,502a714b9e693fec49b1c3d0f12b23fa
ゲッテムハルト,Gettemhult,npc_bt_voice/11_sound_voice_bt_npc_5439.ice,9981cd25b1e43c1f601b55ef74f4ad20
メルフォンシーナ,Melfonseana,npc_bt_voice/11_sound_voice_bt_npc_5440.ice,80af9feff361e5b1ecb82d0800c5ff7a
ヒツギ,Hitsugi,npc_bt_voice/11_sound_voice_bt_npc_5414.ice,2084efd6babb73d5baf88b27bf14a08f
エンガ,Enga,npc_bt_voice/11_sound_voice_bt_npc_5415.ice,4aa85f4cf99634c27b1bb1dafff6aa01
コオリ,Kohri,npc_bt_voice/11_sound_voice_bt_npc_5416.ice,a7e2251ec1513e56244f1ab92a284d65
マトイ,Matoi,npc_bt_voice/11_sound_voice_bt_npc_5417.ice,6d348651b8692559e6f84980c088df6b
ピエトロ,Pietro,npc_bt_voice/11_sound_voice_bt_npc_5422.ice,7237688a089ba3ec4608d3a6afa79933
ハリエット,Hariette,npc_bt_voice/11_sound_voice_bt_npc_5448.ice,681fea59551ceaeab9939e8f9d7def49
イツキ,Itsuki,npc_bt_voice/11_sound_voice_bt_npc_5418.ice,143953c82c4b1cd14ad703284a096b15
RINA,RINA,npc_bt_voice/11_sound_voice_bt_npc_5419.ice,bbcd0122157f64a541f984dcca7cb500
アイカ,Aika,npc_bt_voice/11_sound_voice_bt_npc_5420.ice,f8a0bc83f0e68a8199aca55459ed5bd4
ヒツギ,Hitsugi,npc_bt_voice/11_sound_voice_bt_npc_5421.ice,455e8b0c832e06703871f392c16674f3
コオリ,Kohri,npc_bt_voice/11_sound_voice_bt_npc_5424.ice,74e3aee80e66be926906f6021503d2c4
エンガ,Enga,npc_bt_voice/11_sound_voice_bt_npc_5425.ice,782d682e5be05a5064ff220712136e92
ナギサ,Nagisa,npc_bt_voice/11_sound_voice_bt_npc_5429.ice,4b609c4ac63ea7975fe76a3cdbc88b8d
マトイ,Matoi,npc_bt_voice/11_sound_voice_bt_npc_5232.ice,3d86ae988618ed1bbc3ebf2b6752f464
マトイ（ハロウィン）,Matoi (Halloween),npc_bt_voice/11_sound_voice_bt_npc_5457.ice,69e8ee7b276ea2da8c73f96314011716
？？？,???,npc_bt_voice/11_sound_voice_bt_npc_5460.ice,867a4cdb6cae05d6cc9906647527b87c
ヒューイ,Huey,npc_bt_voice/11_sound_voice_bt_npc_5461.ice,5cda3d9dd9b9d6c4a11bbf6931f2e4af
パティ(クリスマス),Pati (Christmas),npc_bt_voice/11_sound_voice_bt_npc_5462.ice,d22791f39dfe8122b864a32ff992c79e
ティア(クリスマス),Tia (Christmas),npc_bt_voice/11_sound_voice_bt_npc_5463.ice,09075ae4629f65c46d839f9370911d75
ピエトロ,Pietro,npc_bt_voice/11_sound_voice_bt_npc_5464.ice,90870e9abcb65f28b07db02b9c5a8ec8
ユクリータ,Euclyta,npc_bt_voice/11_sound_voice_bt_npc_5465.ice,db89a3dfd3d032c6c9c77e2eb8cfccdc
マトイ,Matoi,npc_bt_voice/11_sound_voice_bt_npc_5466.ice,4c6b38b471950319b801496d271b8b89
クラリスクレイス,Klariskrays,npc_bt_voice/11_sound_voice_bt_npc_5467.ice,01a396e42ae87d8803c33828a3a5aa9d
オークゥ(バレンタイン),Och (Valentine's Day),npc_bt_voice/11_sound_voice_bt_npc_5478.ice,75e8e6fd6e31bbe020ad341776790372
エンガ(ホワイトデー),Enga (White Day),npc_bt_voice/11_sound_voice_bt_npc_5479.ice,1a74831c552d978c3e84a5e83bde16e0
ヒツギ(ハロウィン),Hitsugi (Halloween),npc_bt_voice/11_sound_voice_bt_npc_5480.ice,15a1118cb55554488286a0685ac3fae0
コオリ(ハロウィン),Kohri (Halloween),npc_bt_voice/11_sound_voice_bt_npc_5481.ice,295470fb71e0938eaaf53b4eeb30a87d
ストラトス,Stratos,npc_bt_voice/11_sound_voice_bt_npc_5377.ice,31a36ad88daade109bff880bfbad301a
フル(バレンタイン),Phul (Valentine's Day),npc_bt_voice/11_sound_voice_bt_npc_5483.ice,68adafa91ca2fef776ac29ce4d90ca7e
マトイ,Matoi,npc_bt_voice/11_sound_voice_bt_npc_5484.ice,34dba0325aa061474dd7faeb8cb222b4
ストラトス,Stratos,npc_bt_voice/11_sound_voice_bt_npc_5485.ice,65b78416a20cb957bd403f22631b330c
ヒツギ,Hitsugi,npc_bt_voice/11_sound_voice_bt_npc_5486.ice,95f4e90384f9a4f6830328719322b76e
コオリ,Kohri,npc_bt_voice/11_sound_voice_bt_npc_5487.ice,a56df7633c05af7c6a20849192a5d13a
ハリエット,Hariette,npc_bt_voice/11_sound_voice_bt_npc_5488.ice,818dbb9e1391f7a2b253e25fac9f4319
ハリエット,Hariette,npc_bt_voice/11_sound_voice_bt_npc_5489.ice,3562b54274020b6778dfb68e762cd6e7
ハリエット,Hariette,npc_bt_voice/11_sound_voice_bt_npc_5490.ice,91546b86eab861f3255699609cf8548a
ハリエット,Hariette,npc_bt_voice/11_sound_voice_bt_npc_5491.ice,b77d32e4bfd0c1a8b9e44d671aff4f0f
マトイ,Matoi,npc_bt_voice/11_sound_voice_bt_npc_5492.ice,7ff4ab065dc4f5a69f1ca069ef44b34b
イツキ,Itsuki,npc_bt_voice/11_sound_voice_bt_npc_5493.ice,36f63be388a1fbb48224ed60c73bc967
RINA,RINA,npc_bt_voice/11_sound_voice_bt_npc_5494.ice,6b832f66f6d1e0dacf1f764664e0f8b5
SORO,SORO,npc_bt_voice/11_sound_voice_bt_npc_5495.ice,7e44fb1aceea5b956f40d25f4be07802
アイカ,Aika,npc_bt_voice/11_sound_voice_bt_npc_5496.ice,bf74665c479ba8ecc58f56c51ae6e70b
オーガキャッツ,OrgaCats,npc_bt_voice/11_sound_voice_bt_npc_5497.ice,6635390dd52f6036b0154e751eb25539
光吉猛修,Takenobu Mitsuyoshi,npc_bt_voice/11_sound_voice_bt_npc_5498.ice,83840189961b08f822510bae233eab08
リサ,Risa,npc_bt_voice/11_sound_voice_bt_npc_5503.ice,1a9db417279ef444637bd40cf9dfd5fb
イツキ,Itsuki,npc_bt_voice/11_sound_voice_bt_npc_5504.ice,98cb7a9ef0a7f7bdd968e779ba4b417b
ハリエット,Hariette,npc_bt_voice/11_sound_voice_bt_npc_5509.ice,065e9b439669f2816d462ee86639151d
ヒューイ(サマー),Huey (Summer),npc_bt_voice/11_sound_voice_bt_npc_5510.ice,23afda4c9de56714e873bc4846afab24
ヒツギ,Hitsugi,npc_bt_voice/11_sound_voice_bt_npc_5511.ice,f1b79eb76d34427df2a6a69e69f947c4
コオリ,Kohri,npc_bt_voice/11_sound_voice_bt_npc_5512.ice,bde1822fd82edf6979de860b448de06a
ストラトス,Stratos,npc_bt_voice/11_sound_voice_bt_npc_5515.ice,26a91800c7e15e7baba33d8c383df3e8
＊＊＊＊,,npc_bt_voice/11_sound_voice_bt_npc_5516.ice,a310825d1aa777885d75331df08c011a
ヒツギ（クリスマス）,Hitsugi (Christmas),npc_bt_voice/11_sound_voice_bt_npc_5533.ice,8890a03ab504508dbe6119f1847fccb2
コオリ（クリスマス）,Kohri (Christmas),npc_bt_voice/11_sound_voice_bt_npc_5534.ice,205207ddac990e31367c9a326b767a7a
RINA（クリスマス）,RINA (Christmas),npc_bt_voice/11_sound_voice_bt_npc_5536.ice,94ce05caf22742cc81355c58fa5871b1
アイカ（クリスマス）,Aika (Christmas),npc_bt_voice/11_sound_voice_bt_npc_5537.ice,055e24bc12ae6254e1461b8f6adf0c96
レギアス,Regius,npc_bt_voice/11_sound_voice_bt_npc_5538.ice,69eff17cdf6300ad22e81d8656d1faad
マリア,Maria,npc_bt_voice/11_sound_voice_bt_npc_5539.ice,c8ce62320fee8fe79298b741f1ad14dd
ユクリータ(バレンタイン),Euclyta (Valentine's Day),npc_bt_voice/11_sound_voice_bt_npc_5543.ice,c3746638e77c604ec58673dc668af23b
01,,npc_bt_voice/11_sound_voice_bt_npc_5545.ice,35d85557ae5856e13e6a58611f4c4745
02,,npc_bt_voice/11_sound_voice_bt_npc_5546.ice,cd4502e3a806f04703098c7081f78a9d
03,,npc_bt_voice/11_sound_voice_bt_npc_5547.ice,c50705b615680856fdf63b2fa6431969
04,,npc_bt_voice/11_sound_voice_bt_npc_5548.ice,254d09fcff117745ab5f75db17bf8785
05,,npc_bt_voice/11_sound_voice_bt_npc_5549.ice,d09e2882862a59dd3bac7da4a3bee4b7
06,,npc_bt_voice/11_sound_voice_bt_npc_5550.ice,d7f7fcbbc3404e7afab18ca5b3ad7389
07,,npc_bt_voice/11_sound_voice_bt_npc_5551.ice,de0b77a74c112ca201a1fd0723dfb25a
08,,npc_bt_voice/11_sound_voice_bt_npc_5552.ice,2828b2ef8ce22dad987b084aac7b2adb
09,,npc_bt_voice/11_sound_voice_bt_npc_5553.ice,cf148226ae42a179b85b6396fba51232
10,,npc_bt_voice/11_sound_voice_bt_npc_5554.ice,51c86af22080d6c1793efe916d4324eb
11,,npc_bt_voice/11_sound_voice_bt_npc_5555.ice,33db6b7003495387607c0f536e131b28
パティ,Pati,npc_bt_voice/11_sound_voice_bt_npc_5556.ice,657aed43068fe0c52f3aea50e1e031af
ティア,Tia,npc_bt_voice/11_sound_voice_bt_npc_5557.ice,8b7fc42a13eb23a68cd6a50b6abf8f08
ピエトロ,Pietro,npc_bt_voice/11_sound_voice_bt_npc_5558.ice,48e05770eb35831c6463587f625775f9
メルランディア,Melrandia,npc_bt_voice/11_sound_voice_bt_npc_5559.ice,979858cebdd84d9200a6d303cf12ab6e
マトイ,Matoi,npc_bt_voice/11_sound_voice_bt_npc_5562.ice,0257df7daf5d22c82b20cfcfaed57bc6
キョクヤ,Kyokuya,npc_bt_voice/11_sound_voice_bt_npc_5566.ice,2e3f4d1f3dd56c7636f32c2be5f68c91
エンガ,Enga,npc_bt_voice/11_sound_voice_bt_npc_5574.ice,93fabf486edac84426630577a226df81
マトイ,Matoi,npc_bt_voice/11_sound_voice_bt_npc_5575.ice,ccdd91cb191bcccd61be5d909a5a3342
オーザ,Oza,npc_bt_voice/11_sound_voice_bt_npc_5576.ice,bcd6df074f37659171095236f4246d7e
マールー,Marlu,npc_bt_voice/11_sound_voice_bt_npc_5577.ice,d302a7c4e44903bcc7384f11fe973c6a
カトリ,Katori,npc_bt_voice/11_sound_voice_bt_npc_5578.ice,da085c5aa864d10d11bf0d3f6279899b
サガ,Saga,npc_bt_voice/11_sound_voice_bt_npc_5579.ice,3a5281a818531e0c77f11ee290a1081d
アフィン,Afin,npc_bt_voice/11_sound_voice_bt_npc_5586.ice,40ae9e3f9efbc0c27431a358446fabc3
クーナ,Quna,npc_bt_voice/11_sound_voice_bt_npc_5587.ice,ddd20cb9a14f5cf311511f4ee5fe0d8e
カトリ,Katori,npc_bt_voice/11_sound_voice_bt_npc_5600.ice,9520610050bd7f4bd344fc468fb7e184
サガ,Saga,npc_bt_voice/11_sound_voice_bt_npc_5601.ice,8a4582921e1737b8996abda1849e25f6
ティア,Tia,npc_bt_voice/11_sound_voice_bt_npc_5592.ice,b083dccd8ce204c59851a67208c34048
パティ,Pati,npc_bt_voice/11_sound_voice_bt_npc_5593.ice,d5f319b0daf4ffa99db73d15daff5873
ピエトロ,Pietro,npc_bt_voice/11_sound_voice_bt_npc_5594.ice,930fa43fca3fb6a7502e2544a486018c
メルランディア,Melrandia,npc_bt_voice/11_sound_voice_bt_npc_5595.ice,7580cdedebfde0cab1837cbf72a2dcb4
リサ,Risa,npc_bt_voice/11_sound_voice_bt_npc_5602.ice,4f2ad4904705a78a17536248951551b0
みたらし,Mitarashi,npc_bt_voice/11_sound_voice_bt_npc_5597.ice,a6dd6e3a7c36d718630879f10dd8ad59
テトラ,Tetra,npc_bt_voice/11_sound_voice_bt_npc_5598.ice,72dcd59c016ac511673dddd08ded7ffd
§イチカ§,§ Ichika §,npc_bt_voice/11_sound_voice_bt_npc_5599.ice,8e8ff65cfd38169a383846bec80aa229
アイカ,Aika,npc_bt_voice/11_sound_voice_bt_npc_5608.ice,ac11171cadeee415fd8ef3bc62bab49d
イツキ,Itsuki,npc_bt_voice/11_sound_voice_bt_npc_5609.ice,5b2f5346fb35c5d3123ead41743e5c1c
サラ,Sarah,npc_bt_voice/11_sound_voice_bt_npc_5610.ice,0714ed48e0b48cff27151f08d57df5cc
ルコット,Lukot,npc_bt_voice/11_sound_voice_bt_npc_5570.ice,211f5b5034ebaa699fdf47d5575d0413
マルガレータ,Margareta,npc_bt_voice/11_sound_voice_bt_npc_5614.ice,fc90fb29e92113e49ceb54e40b44d76c
アイカ,Aika,npc_bt_voice/11_sound_voice_bt_npc_5618.ice,a5fd2e752d1a24f8c59f832a8b747916
イツキ,Itsuki,npc_bt_voice/11_sound_voice_bt_npc_5619.ice,044b7558683038f352bd4666935d00f3
ストラトス(バレンタイン),Stratos (Valentine's Day),npc_bt_voice/11_sound_voice_bt_npc_5624.ice,8f5dee9b9b3fac06f9feb155dd2678c3
イオ,Io,npc_bt_voice/11_sound_voice_bt_npc_5626.ice,ab97a6f1e2193dd465adf97476a22e55
マトイ,Matoi,npc_bt_voice/11_sound_voice_bt_npc_5627.ice,0ff6ca77ba5c0827632c9f134a0244a7
リナ,Rina,npc_bt_voice/11_sound_voice_bt_npc_5637.ice,d5c970465d159b5b9e66f1d0fb90d298
リサ,Risa,npc_bt_voice/11_sound_voice_bt_npc_5639.ice,c720958e736ec4228ae07e84516c7319
マジカルロボ★ゼクト,Magical Robot ★ Zect,npc_bt_voice/11_sound_voice_bt_npc_5634.ice,3f421a1fb3a2d31bca621502fe14cd14
牧野,Makino,npc_bt_voice/11_sound_voice_bt_npc_5635.ice,a959ac264b8db78a473cfa1124b41a41
ドルチェ,Dolce,npc_bt_voice/11_sound_voice_bt_npc_5636.ice,df04b1a175408152f1cbd854456fbea8
猫ノ宮♪,Nekonomiya♪,npc_bt_voice/11_sound_voice_bt_npc_5607.ice,6b0d555bc05f205f9f9c61afe8a0353d
アキ,Aki,npc_bt_voice/11_sound_voice_bt_npc_5658.ice,29925001e407094dd4dee0254914347e
ライト,Wright,npc_bt_voice/11_sound_voice_bt_npc_5659.ice,cf3f3ebfab1867924f4744c739231922
カトリ,Katori,npc_bt_voice/11_sound_voice_bt_npc_5660.ice,7dfd540c7ab2637b6fa74f03177237f0
サガ,Saga,npc_bt_voice/11_sound_voice_bt_npc_5661.ice,5a0232801c3c508333c3e3d9876ffd3c
パティ,Pati,npc_bt_voice/11_sound_voice_bt_npc_5662.ice,38f6188306ce392415344fd9a7890a94
ティア,Tia,npc_bt_voice/11_sound_voice_bt_npc_5663.ice,41fd6cc3026b61b3f652a463801354f6
イオ,Io,npc_bt_voice/11_sound_voice_bt_npc_5666.ice,7e5bb86520d9c8609fc795935bba7ca4
アザナミ,Azanami,npc_bt_voice/11_sound_voice_bt_npc_5667.ice,c5c6453912a7a6dfdcaf39aef4de69e6
キリト,Kirito,npc_bt_voice/11_sound_voice_bt_npc_5664.ice,112593cc0376a6765ae29c3f180282ac
アスナ,Asuna,npc_bt_voice/11_sound_voice_bt_npc_5665.ice,941b0c45683deac15586d7c5bb9f5f99
