,large_icon/ui_enemy_nodata_0000.ice,eb\05390b987e3660a628fcbae599fb02
,large_icon/ui_enemy_unknown_0000.ice,6b\e11e7ed23562f1f7f651aea4908641
large_icon/ui_enemy_normal_3101.ice,ef\8c0bd9938fbb29e0b435d446d3d4e3
large_icon/ui_enemy_normal_3102.ice,5b\5d9f56e1a91927cf72e1f26fdca18a
large_icon/ui_enemy_normal_3103.ice,58\093ccd735614f2738573c6fd5535b3
large_icon/ui_enemy_normal_3104.ice,23\045e6f47f736e6754db89f55dd99dd
large_icon/ui_enemy_normal_3105.ice,56\e321409cd0847e8ddf240ae67d09e8
large_icon/ui_enemy_normal_3106.ice,e8\083a4195f3b75101e086256b2df320
large_icon/ui_enemy_normal_3107.ice,3b\44ee4206fb1049476b14aabc41a33c
large_icon/ui_enemy_normal_3108.ice,54\3f550adfc6982ca0b9ead8dfb88885
large_icon/ui_enemy_normal_3109.ice,6e\35b0102845abee0d65a82d429ca852
large_icon/ui_enemy_normal_3110.ice,c1\48bdb98837ef7ee2339196313b8dc3
large_icon/ui_enemy_normal_3111.ice,77\058f97485e88efb79ae81dc7bfd65b
large_icon/ui_enemy_normal_3112.ice,37\be47e09272c2227496a0fb8f4154c0
large_icon/ui_enemy_normal_3113.ice,e0\4c3c8477b819b782e159434169c6c7
large_icon/ui_enemy_normal_3114.ice,db\f003aaed42f17fbd495b85e615167c
large_icon/ui_enemy_normal_3115.ice,35\e5949a1e85bce726abe47cbaafaf5e
large_icon/ui_enemy_normal_3116.ice,45\6538aff83cc8dba7b39e02bbf2227d
large_icon/ui_enemy_normal_3117.ice,fd\580c6c96fe1cbf582cf74589a8a3c4
large_icon/ui_enemy_normal_3118.ice,17\73b7eefedc1c7972c44bb1055b3866
large_icon/ui_enemy_normal_3119.ice,59\b76ef768868d0a2186a06ce24c001e
large_icon/ui_enemy_normal_3120.ice,c6\48ccc422ebaf718d32ef28d5449df4
large_icon/ui_enemy_normal_3121.ice,cc\42fa7f6dea03e72ec912ea37470a15
large_icon/ui_enemy_normal_3122.ice,e0\b2af6bde1544d1db1af8d8fd95be2d
large_icon/ui_enemy_normal_3123.ice,11\1ab6c00ddb27baad08c644d0e076b3
large_icon/ui_enemy_normal_3124.ice,a6\81d4d04a02dda9612a0eebe8b5d35f
large_icon/ui_enemy_normal_3125.ice,15\6add78fab756c24bb445e8f1f67211
large_icon/ui_enemy_normal_3126.ice,25\b27e50cffc676e570c1906789cda42
large_icon/ui_enemy_normal_3127.ice,48\a337254688ab464caf8c2b30f48b60
large_icon/ui_enemy_normal_3128.ice,9e\6002e96108b8624aaa263fbf6a4c08
large_icon/ui_enemy_normal_3129.ice,89\e7a89a13f82ec6ab393a8668db25a4
large_icon/ui_enemy_normal_3130.ice,4c\d2c19e949f55698b01811b1e6d3319
large_icon/ui_enemy_normal_3131.ice,98\1bc931e001e58257826e19d5301a8d
large_icon/ui_enemy_normal_3132.ice,df\58ff833ec7c44411008501dbd5f634
large_icon/ui_enemy_normal_3133.ice,70\27693569e526a046802f081dd54271
large_icon/ui_enemy_normal_3134.ice,cb\c5f024bb26fc0416f0e8ada2ee0f7d
large_icon/ui_enemy_normal_3135.ice,77\22f11035a0651d5a3b1348beef95a9
large_icon/ui_enemy_normal_3136.ice,7a\ed3438d93d03664c4a81ac6e2a2a46
large_icon/ui_enemy_normal_3137.ice,32\2cf9fdd165d73c3a57d45415e021ae
large_icon/ui_enemy_normal_3138.ice,1b\6acb5a490e014b8388bdde8496ebde
large_icon/ui_enemy_normal_3139.ice,d1\8e12745b520a35b9214a71ebe3c5fb
large_icon/ui_enemy_normal_3140.ice,06\d62cc1ae0476fce9cdee5d4a6463c4
large_icon/ui_enemy_normal_3141.ice,c9\c63f1298dc9776ca7738ad8cc1c1e8
large_icon/ui_enemy_normal_3142.ice,58\ecc9803229472ff7b71fd603546a69
large_icon/ui_enemy_normal_3143.ice,52\56abf740d0ae65236e732bbc3a3107
large_icon/ui_enemy_normal_3144.ice,eb\1c4759fdf636deb4edcdf3acd0a8e8
large_icon/ui_enemy_normal_3145.ice,b2\05d803132e9a56be655efc2060cb18
large_icon/ui_enemy_normal_3146.ice,bc\ae9271944cbd32ba56a17b4fe95e23
large_icon/ui_enemy_normal_3147.ice,fa\9496a10539b32eadb6e681c6b0475c
large_icon/ui_enemy_normal_3148.ice,74\148fef33c34562633cad48428ded48
large_icon/ui_enemy_normal_3149.ice,dd\bbc6e7dddba89e96460569bbd71940
large_icon/ui_enemy_normal_3150.ice,75\bd356fd895323efdfbb47a0398232a
large_icon/ui_enemy_normal_3151.ice,ea\f57b0b878b3569acb7853bdc91a285
large_icon/ui_enemy_normal_3152.ice,33\b31c3f2c40db8647ab53701688b59a
large_icon/ui_enemy_normal_3153.ice,8e\238f89b5bbdedecc4c657c178124c8
large_icon/ui_enemy_normal_3154.ice,d8\f666721d777dc9c47f4daa1ab20f75
large_icon/ui_enemy_normal_3155.ice,f2\e5c05ad33018675fbfe9437d7ed160
large_icon/ui_enemy_normal_3156.ice,18\a4f53e17111515e9fdfe2124a15534
large_icon/ui_enemy_normal_3157.ice,b3\ac7218d1d8ea03f7ed960ec4d60881
large_icon/ui_enemy_normal_3158.ice,f1\b23f9dfeb9f46afac33b1d61219e3b
large_icon/ui_enemy_normal_3159.ice,5c\b4fa029187cf46debad114bc9624db
large_icon/ui_enemy_normal_3160.ice,a0\bac845a6575a69c93842650e97ebcf
large_icon/ui_enemy_normal_3161.ice,65\6767f8d89719ee023bd746b8e142be
large_icon/ui_enemy_normal_3162.ice,13\698f07fa3f043420763efd0efcb84b
large_icon/ui_enemy_normal_3163.ice,51\68736351e4abbf087c8609439ce7f8
large_icon/ui_enemy_normal_3164.ice,9f\f436827bfb2b21368f35a2ea0b5b95
large_icon/ui_enemy_normal_3165.ice,df\28f122e5b47150b5d69dca42c30264
large_icon/ui_enemy_normal_3166.ice,a3\eb6f035f314d9aff6fd8c5d1e5ff32
large_icon/ui_enemy_normal_3167.ice,48\cbba58d00eadc9b4c59b02579b4609
large_icon/ui_enemy_normal_3168.ice,80\b43183df67b6483bc3de6f684cfe60
large_icon/ui_enemy_normal_3169.ice,b0\53f264903410cbb54e7430cf075137
large_icon/ui_enemy_normal_3170.ice,32\20aa5d68598b2169da0664168ce3e9
large_icon/ui_enemy_normal_3171.ice,16\d51958d78dc19c6166540d57c11cf2
large_icon/ui_enemy_normal_3172.ice,fb\3483ad3b42a46c02707757684a70fc
large_icon/ui_enemy_normal_3173.ice,de\f2b43551a1c2a16b52a39c3c3d3f80
large_icon/ui_enemy_normal_3174.ice,42\7f61b23055cc710c3ed5308c5b085b
large_icon/ui_enemy_normal_3175.ice,d5\ff291cd4cf55b4a4ff69eddb1fe5fd
large_icon/ui_enemy_normal_3176.ice,96\d0121b44102f3d5e141493832e22af
large_icon/ui_enemy_normal_3177.ice,a3\065c1b086732d3ac409322d6b3de38
large_icon/ui_enemy_normal_3178.ice,8e\c871b452d6c8bbacddc1bb11ddb5d5
large_icon/ui_enemy_normal_3179.ice,12\3b90d09f5e80c669581fd150460028
large_icon/ui_enemy_normal_3180.ice,6a\44e659516c68c98e06712c00861361
large_icon/ui_enemy_normal_3181.ice,53\ca033ca2c54e37eff8d3553fd39d7f
large_icon/ui_enemy_normal_3182.ice,2e\e23dcbf5082ab87612d5006b30198b
large_icon/ui_enemy_normal_3183.ice,81\bc8cfaa17f69d3c91c4f4a3e512c0f
large_icon/ui_enemy_normal_3184.ice,35\ad78215842f4c8c321186c691aec43
large_icon/ui_enemy_normal_3185.ice,10\06e20ac78cf5721e24261a35e3d801
large_icon/ui_enemy_normal_3186.ice,13\c397f778ee550ca4c7a0603b125ac7
large_icon/ui_enemy_normal_3188.ice,45\077822ea4a45a1b7f7cffb0342093e
large_icon/ui_enemy_normal_3189.ice,e2\033a50fc02dbf7151b3a0dbf14f43d
large_icon/ui_enemy_normal_3190.ice,28\51463fae5b39b07b062c8571821db2
large_icon/ui_enemy_normal_3191.ice,91\ce12a9022f76fc9c2da4bf6316349f
large_icon/ui_enemy_normal_3192.ice,b1\e4c1ac7bcc9d24773938f94f516c3b
large_icon/ui_enemy_normal_3193.ice,bf\3d121ee7e61606ba5f1e1382555404
large_icon/ui_enemy_normal_3194.ice,8f\94d97a8e88c273bab5bc14dec7d453
large_icon/ui_enemy_normal_3195.ice,48\37714dacd800f9ad74f756aefa8dad
large_icon/ui_enemy_normal_3196.ice,a8\d6b76a0570814b4a19551bb4375ad5
large_icon/ui_enemy_normal_3197.ice,05\53b30863986521cb157c22c2e1d3f9
large_icon/ui_enemy_normal_3198.ice,1e\e2d3d415c183ebdaf2e3f5d46fbe1b
large_icon/ui_enemy_normal_3202.ice,07\456ab54175dd37cadf8e7fc9184c1b
large_icon/ui_enemy_normal_4001.ice,00\25ca5672fd405a07de358fbd98b528
large_icon/ui_enemy_normal_4002.ice,a7\40e922a16de31304bb52463e60c4c8
large_icon/ui_enemy_normal_4003.ice,ad\235948546fc5b3f3471fc1d4518a5f
large_icon/ui_enemy_normal_4004.ice,7e\3c095895c16156d8326086fd4dd102
large_icon/ui_enemy_normal_4005.ice,fb\4793960857f31a345c8c4865f19628
large_icon/ui_enemy_normal_4006.ice,58\90395b49dbde2fa8b2bdc3faa8dddf
large_icon/ui_enemy_normal_4007.ice,70\44f7f0c9feb7b838fcf39265b1a4ef
large_icon/ui_enemy_normal_4008.ice,c1\0ab9c7af68eddc0420caca67b5e0c8
large_icon/ui_enemy_normal_4009.ice,eb\c25a57d99e54c07fb13c19bea38b32
large_icon/ui_enemy_normal_4010.ice,90\190ea3c8e110c79cd56ce331997226
large_icon/ui_enemy_normal_4011.ice,71\b0bbaf9a74fa163ff8ef3b211219f4
large_icon/ui_enemy_normal_4012.ice,35\0d1f9ab547db61e299f32bcf1e4552
large_icon/ui_enemy_normal_4013.ice,da\4f4b843465ca51bfa7238a6cbb00bd
large_icon/ui_enemy_normal_4014.ice,30\ecaf68ed0ace8bcd1ceb2e3137db4f
large_icon/ui_enemy_normal_4015.ice,cc\a94533c28deb811165324b968c18cf
large_icon/ui_enemy_normal_4016.ice,0c\553a86a62be62aad2148e31dec3212
large_icon/ui_enemy_normal_4017.ice,de\db78fe8524f9e660a0b58244cbe7da
large_icon/ui_enemy_normal_4018.ice,ed\d9057564008733f8bb63720112a1c1
large_icon/ui_enemy_normal_4019.ice,f2\a442f598e677952ac441f8eab48a5c
large_icon/ui_enemy_normal_4020.ice,ea\5f078ba9857140f14d02e5c3da5962
large_icon/ui_enemy_normal_4021.ice,49\c1bb821bdffc8c1b335d00e155e935
large_icon/ui_enemy_normal_4022.ice,7c\dfc16c8229a1a91f51d348e4b60724
large_icon/ui_enemy_normal_4023.ice,e8\b58234f55589e47733d9e197d804da
large_icon/ui_enemy_normal_4024.ice,7f\03fa44ab1222a034909d5f2fc8fb47
large_icon/ui_enemy_normal_4025.ice,67\8ed09edb8f1de7cf7d17b947f0a5e8
large_icon/ui_enemy_normal_4026.ice,43\7be649a62c6ea0bc49d39b2705d900
large_icon/ui_enemy_normal_4027.ice,a7\2032b505869450608f389ad1efdc44
large_icon/ui_enemy_normal_4028.ice,c6\5c938c7d52eeff0291c599dd30b736
large_icon/ui_enemy_normal_4029.ice,ee\b1dde3c72bf730348bcb259eec513e
large_icon/ui_enemy_normal_4030.ice,bb\2392e44fce7280bf2d5b2f0339d252
large_icon/ui_enemy_normal_4031.ice,0b\9dba16ffb2ba7072290f97282dd6fe
large_icon/ui_enemy_normal_4032.ice,83\4e9b06997da06f7ce0d44ee963040d
large_icon/ui_enemy_normal_4033.ice,de\2d916fcfb310d5bea0042c6628d4cf
large_icon/ui_enemy_normal_4034.ice,08\b13d2ca543ea6465016607409c66ab
large_icon/ui_enemy_normal_4035.ice,64\12217b6ea5b051afce296d657f0db1
large_icon/ui_enemy_normal_4036.ice,6a\dc52f41135421d7c04e23108fe8f1b
large_icon/ui_enemy_normal_4037.ice,d5\62138a69dca085cc1daca3d856ba16
large_icon/ui_enemy_normal_4038.ice,09\3fbce11683c596c81ba3c491f05605
large_icon/ui_enemy_normal_4039.ice,1d\51fa17c6b42b332838dd61d4049639
large_icon/ui_enemy_normal_4040.ice,2d\2b6c26e98da25b7aa1627229377a99
large_icon/ui_enemy_normal_4041.ice,d8\bab70e8fd61c86fb8823e8de0ae647
large_icon/ui_enemy_normal_4042.ice,18\7998b51affb4e1cb3eb2c213e626fe
large_icon/ui_enemy_normal_4043.ice,e9\f5661b99bdce9a0a31cf209deafc25
large_icon/ui_enemy_normal_4044.ice,17\fdc26e365eb0c68f1311fa77f3b5fa
large_icon/ui_enemy_normal_4045.ice,38\9e7f8d7a70aed0dd7a8db6b3a5b34a
large_icon/ui_enemy_normal_4046.ice,6c\345ee2021aa6c838f21102b8a31c64
large_icon/ui_enemy_normal_4047.ice,29\0667685d1c4cac23211583a52889a6
large_icon/ui_enemy_normal_4048.ice,b6\92e16928b2bf874379c16dc63f3c5c
large_icon/ui_enemy_normal_4049.ice,c7\49b42023df02fd327707a831feafcd
large_icon/ui_enemy_normal_4050.ice,42\d79191fc42f629a2526b2159b93caf
large_icon/ui_enemy_normal_4051.ice,5d\0bb150ac78aa038f8c64381d4c6baf
large_icon/ui_enemy_normal_4052.ice,0a\dbff1a819cdf3281de5279e40e3702
large_icon/ui_enemy_normal_4053.ice,72\5520f073ce3a8d0a8334d515bea7ea
large_icon/ui_enemy_normal_4054.ice,66\48258ab0183772cf3d58e25ceb0cb3
large_icon/ui_enemy_normal_4055.ice,a8\1c6bddbf90c4574b1668ebcb2aa40f
large_icon/ui_enemy_normal_4056.ice,6b\d63d2cd48aecfb340e6415ad466cc7
large_icon/ui_enemy_normal_4057.ice,f2\150462ca926a9b7c8ebcf2393fa2cf
large_icon/ui_enemy_normal_4058.ice,b7\c3ec17ea17b5962234f564e7337abe
large_icon/ui_enemy_normal_4059.ice,0f\f90aab67b05dd5ef2b443a3f51de31
large_icon/ui_enemy_normal_4060.ice,6e\d5b5bbbf9063995980ce7078ca590b
large_icon/ui_enemy_normal_4061.ice,9c\63cad82825672048458d47a4c200bd
large_icon/ui_enemy_normal_4062.ice,a1\d48a0e4fa7c73d201f7d6793b32f47
large_icon/ui_enemy_normal_4063.ice,d5\7f35b4d556429dceba2b153d3a001f
large_icon/ui_enemy_normal_4064.ice,fc\4530e658009b85646914879b54680e
large_icon/ui_enemy_normal_4065.ice,b0\7eff6a76d7bebe838ace500287c4cb
large_icon/ui_enemy_normal_4066.ice,ac\a1ef52a621f1f703114c74bfa2d471
large_icon/ui_enemy_normal_4067.ice,f5\6207401457a7f1c2762ead477fae31
large_icon/ui_enemy_normal_4068.ice,82\2d17e04292aeb94a43853f8decfe6e
large_icon/ui_enemy_normal_4069.ice,a2\ac7c2542bc3f767f1c6b3f23e9e418
large_icon/ui_enemy_normal_4070.ice,72\a088879c56a67cfb1d16e13079ff33
large_icon/ui_enemy_normal_4071.ice,cd\4133db1ceb5e85a955d7e2c11a2501
large_icon/ui_enemy_normal_4072.ice,50\73ad45e3c179e0af5981821b974a14
large_icon/ui_enemy_normal_4074.ice,c5\5e64c89100f9d26cf04286c85195c9
large_icon/ui_enemy_normal_4075.ice,3c\ae7180feafaf3a4d099fe7ae2df94c
large_icon/ui_enemy_normal_4076.ice,13\37a6f639212b053e11444a26bcae8f
large_icon/ui_enemy_normal_4077.ice,ac\9a5b3608cd6e02710b68e7d1b67e21
large_icon/ui_enemy_normal_4078.ice,af\1c5d6578a73b52424eff6f79c45fe8
large_icon/ui_enemy_normal_4079.ice,6a\d5dc6b52987574889860eef1a9601e
large_icon/ui_enemy_normal_4080.ice,67\e11b5701eb3b27b1631062686c3f2a
large_icon/ui_enemy_normal_4081.ice,34\752d0012a668fcecc24fe470baa8d6
large_icon/ui_enemy_normal_4082.ice,ab\b0b2aa1a7c76722d762c40d6568945
large_icon/ui_enemy_normal_4083.ice,ca\a9a8ff6d6840876d16833e194ec745
large_icon/ui_enemy_normal_4084.ice,59\12b271b458816de27065bc1ac90233
large_icon/ui_enemy_normal_4085.ice,5a\43a4d778d30810e97e45c395281eb6
large_icon/ui_enemy_normal_4086.ice,11\76b9c0359fbfdf62bdb3a38d8cdb3f
large_icon/ui_enemy_normal_4087.ice,44\d21846ab5cf66ddab8c752c55656cf
large_icon/ui_enemy_normal_4088.ice,6f\69ed96e5d4131546279bd9374d6b36
large_icon/ui_enemy_normal_4089.ice,bb\d20ecd06be588b6f24d2172b63ee41
large_icon/ui_enemy_normal_4090.ice,7e\a144fa6b75efe622ce630abc0ec622
large_icon/ui_enemy_normal_4091.ice,9f\a3b26b0174f5017ff699e71d104fdd
large_icon/ui_enemy_normal_4092.ice,dd\a339aaf6d2af52f74e773a21a0c953
large_icon/ui_enemy_normal_4093.ice,ea\d8dcfbd90a731a3d90e7a284460a98
large_icon/ui_enemy_normal_4094.ice,98\2a34d15acc512527241ae043f2c8b9
large_icon/ui_enemy_normal_4095.ice,cf\87a738d55808a7cff5d7456306fabf
large_icon/ui_enemy_normal_4096.ice,97\99390389a4a62aaff5d85b43e1f9d9
large_icon/ui_enemy_normal_4097.ice,15\cfc4aa3cfd7f23b69016719095b046
large_icon/ui_enemy_normal_4098.ice,cf\d964658bb6f986a639c4e86bf88957
large_icon/ui_enemy_normal_4099.ice,53\8180cad5d16257900ac8b824aab87a
large_icon/ui_enemy_normal_4100.ice,cb\9bbc26c0654edecaba1c17bd1080f5
large_icon/ui_enemy_normal_4101.ice,08\cec33c40cddff60f610c5e9a3cad4b
large_icon/ui_enemy_normal_4102.ice,2b\43c08c7dff7cb8e9073fef4cf472f6
large_icon/ui_enemy_normal_4103.ice,4c\ead5448ddc0408ea63ca04e3da693d
large_icon/ui_enemy_normal_4104.ice,bc\b3891c1bbeaffc6fb97ec0e769c32b
large_icon/ui_enemy_normal_4105.ice,80\00fd8ac79934bc57514cd262a46eba
large_icon/ui_enemy_normal_4107.ice,fa\3a82367aad843a0bc92a4fe3fbe970
large_icon/ui_enemy_normal_4108.ice,a6\e8ea0bafec1922b8d9287ced4d6820
large_icon/ui_enemy_normal_4109.ice,4a\c84175c68faf6a5220e4f1a50f9b9a
large_icon/ui_enemy_normal_4111.ice,20\aace955420c03449e6c8c55f0a08b5
large_icon/ui_enemy_normal_4122.ice,29\6bef9c6758d2b491d2ef42499bfc8d
large_icon/ui_enemy_normal_4123.ice,31\37799ef680611413053d1d593a69a7
large_icon/ui_enemy_normal_4124.ice,89\f2a83b0c005e958626a9280267b580
large_icon/ui_enemy_normal_4125.ice,eb\00adb67c62d675f896986f5901159f
large_icon/ui_enemy_normal_4126.ice,2c\a7a193303094a8a53e3030dffdd38e
large_icon/ui_enemy_normal_4127.ice,9e\3075d17b0663dddfd6237d59af0707
large_icon/ui_enemy_normal_4131.ice,6d\b6c4c6c2f803e6c1f04277c87eb24f
large_icon/ui_enemy_normal_4132.ice,00\0c5a9ce3af212ff871635ec37b606e
large_icon/ui_enemy_normal_4133.ice,b7\99fc74b577bfcdba7077877cb38c11
large_icon/ui_enemy_normal_4134.ice,c0\36c29d89b0eddbc718bd089d78d89d
large_icon/ui_enemy_normal_4136.ice,78\e736d39c511ed484d34447a884d97f
large_icon/ui_enemy_normal_4137.ice,b5\b64ed5f38acd9b82b35d2d5ecd7f73
large_icon/ui_enemy_normal_4138.ice,c7\8d71d76aef7aa69bbb4d9592186f9c
large_icon/ui_enemy_normal_4139.ice,7c\ebbbb42a37c9f2c2159394d0ef4161
large_icon/ui_enemy_normal_4140.ice,91\1ce3a54a6cabb010a48c904e880326
large_icon/ui_enemy_normal_4141.ice,47\cfaa638bf9553529b267eb9294446f
large_icon/ui_enemy_normal_4142.ice,ef\7ee088adb214c06c4797b1feaf7960
large_icon/ui_enemy_normal_4143.ice,1e\d9e6a05f19e172748c3f081c613b99
large_icon/ui_enemy_normal_4145.ice,df\6ea672fc4c73e76411cdccee4a1bc0
large_icon/ui_enemy_normal_4148.ice,fb\5ab423e97e951ed2a1882151d7e330
large_icon/ui_enemy_normal_4151.ice,12\b056b6ac9b25ff9624e13723287b3c
large_icon/ui_enemy_normal_4152.ice,da\d854647f2fa5200b4f81c81cca7663
large_icon/ui_enemy_normal_4153.ice,ce\a0f7b3fdd922ded55868413daa2927
large_icon/ui_enemy_normal_4154.ice,86\60f4147f1278c1688987fad7c7f407
large_icon/ui_enemy_normal_4155.ice,62\cfb163335d2f22dfeb4d94e11216a1
large_icon/ui_enemy_normal_4156.ice,a5\fd70770465c9114cf5210212475f63
large_icon/ui_enemy_normal_4157.ice,23\40d785b33ab96a3073d4b97a4a8e0a
large_icon/ui_enemy_normal_4161.ice,cc\212be46ef86a65b14a2734f88eb85d
large_icon/ui_enemy_normal_4162.ice,c5\65b934a83de446d6e49ee9f9e35198
large_icon/ui_enemy_normal_4501.ice,69\43978bee44dcbd25ba3a679bfb5928
large_icon/ui_enemy_normal_4502.ice,d8\e6d6ef28f32e907bf6a745bfdd1126
large_icon/ui_enemy_normal_4503.ice,4b\5392bdc2f3e4214744cb6c0f620192
large_icon/ui_enemy_normal_4504.ice,81\8371598b6501fe4433aa790879e4e5
large_icon/ui_enemy_normal_4505.ice,89\61a60099fd0067634bb3f1ff6b8f19
large_icon/ui_enemy_normal_4506.ice,e7\f7ebc38dfcc524a0555486c086be97
large_icon/ui_enemy_normal_4507.ice,e0\0943124ed9c01f42bced25aa70e203
large_icon/ui_enemy_normal_4508.ice,10\558ef645e2c2b23095cff0e082c3de
large_icon/ui_enemy_normal_4509.ice,21\48d002c45c9acc18fc4b96c88e84bf
large_icon/ui_enemy_normal_4510.ice,5d\34064f78477f299cb51e911d29d6e0
large_icon/ui_enemy_normal_4511.ice,11\e9b0a05040baf9e8c9145b07a16af6
large_icon/ui_enemy_normal_4512.ice,1e\0326ba711a7a6b667d44cb0fe73694
large_icon/ui_enemy_normal_4513.ice,25\c6b890d7e9cec579c86ecfb08a80ed
large_icon/ui_enemy_normal_4514.ice,76\de0dcd803aac5b6c83b70fb4854622
large_icon/ui_enemy_normal_4515.ice,86\93a08baac52689a38b8ecef13452a2
large_icon/ui_enemy_normal_4516.ice,b7\a10b58b11bd26a30400168421e521b
large_icon/ui_enemy_normal_4517.ice,f5\dab12f1c46911db2db29bd292d5605
large_icon/ui_enemy_normal_4518.ice,7e\683967567e0df5a469c52210c1f558
large_icon/ui_enemy_normal_4519.ice,99\095638f17576aadbc37a1a6874aca4
large_icon/ui_enemy_normal_4520.ice,9c\606f740d3e1dfc4a47c463a3d0573d
large_icon/ui_enemy_normal_4521.ice,30\2f521a26721c221d080cc413203e69
large_icon/ui_enemy_normal_4522.ice,63\8bfb55ac3b5e59681ced8e44df6546
large_icon/ui_enemy_normal_4523.ice,1e\a787818fb16695b6321f798254e2c1
large_icon/ui_enemy_normal_4524.ice,12\ac419f4fcdf29d10da498da0505f54
large_icon/ui_enemy_normal_4525.ice,dc\c851bd7154f104bcee17b553a02932
large_icon/ui_enemy_normal_4526.ice,13\c865f3caa9d8a5c0ad38f2b758f3d8
large_icon/ui_enemy_normal_4527.ice,4f\d91fcb83d0ba42e3f3a1f65557b6bf
large_icon/ui_enemy_normal_4528.ice,5a\1f0106147e9572cfa57f154a60d37d
large_icon/ui_enemy_normal_4529.ice,ca\2d8b8fb6c6102fcdcb1a128cccd012
large_icon/ui_enemy_normal_4530.ice,78\3e7f99714d4d3e5507880016653be6
large_icon/ui_enemy_normal_4531.ice,ab\181acc22ca1c840f50834141642087
large_icon/ui_enemy_normal_4532.ice,31\8c0764148eb17b9065dfacc7d33dab
large_icon/ui_enemy_normal_4533.ice,99\04430d600b4b70bbc668c7d1b9681e
large_icon/ui_enemy_normal_4534.ice,3b\9183b96e6e9db6a0bff7cd51e92876
large_icon/ui_enemy_normal_4535.ice,a3\ff6cd20ba18afb8b3b05abdbb35329
large_icon/ui_enemy_normal_4536.ice,be\2d7851924e167b6afea041ae5c39fe
large_icon/ui_enemy_normal_4537.ice,23\c47f9cee5a23721cf833ba38965453
large_icon/ui_enemy_normal_4538.ice,db\d07735a5968ef69279eac6390c9ced
large_icon/ui_enemy_normal_4539.ice,8a\22297a29f85ba6a42162483221edf0
large_icon/ui_enemy_normal_4540.ice,23\1f9e70f2ddc89062e0622a58e5d593
large_icon/ui_enemy_normal_4541.ice,88\84034cbc683c0a7b5c5629ac571eea
large_icon/ui_enemy_normal_4542.ice,a3\192b249d8afdd64d8926cc3577dc20
large_icon/ui_enemy_normal_4543.ice,d0\9fb19f2fc15d569c9c0553aa959b9f
large_icon/ui_enemy_normal_4544.ice,bc\193cbcc422ba69c9b60f1c9dab9317
large_icon/ui_enemy_normal_4545.ice,98\590b96bf0f6692e1b7b6f0945be2af
large_icon/ui_enemy_normal_4546.ice,86\27c62164b087cfe991c74a55fe2ad4
large_icon/ui_enemy_normal_4547.ice,cb\978d5f49c63eb12c3a5e06268aff4e
large_icon/ui_enemy_normal_4548.ice,b8\2e197045ba40e7474e613ae4914dab
large_icon/ui_enemy_normal_4549.ice,71\2058ba7a36a9fdc45a9d1621efcec7
large_icon/ui_enemy_normal_4550.ice,74\07b2b9293db072d131166717023a8c
large_icon/ui_enemy_normal_4551.ice,e5\235c4438f3abd0826d391a04c11ffa
large_icon/ui_enemy_normal_4552.ice,af\f2deefe6acf1cc8eeb53865860336d
large_icon/ui_enemy_normal_4553.ice,a5\3a8576f9caf8fc4d8552e692fca844
large_icon/ui_enemy_normal_4554.ice,e6\64fb1072629b133736379dbb918c3e
large_icon/ui_enemy_normal_4555.ice,32\b82f465a6a7df7fa4c99a80677bbe8
large_icon/ui_enemy_normal_4556.ice,03\38e7089a648a15e7d1bc1c44beb8d3
large_icon/ui_enemy_normal_4557.ice,4e\a36cb8bc282414870e4b88c573a76d
large_icon/ui_enemy_normal_4558.ice,15\54f9e5e21b854bf6e17bd35871f1ce
large_icon/ui_enemy_normal_5001.ice,ff\9eac323ecf0de2580c281fc873aaa3
large_icon/ui_enemy_normal_5002.ice,08\a5ed034db8a393bd0976ac472512a7
large_icon/ui_enemy_normal_5003.ice,e2\95f8e49da3dc1b36517cff6e7dabb5
large_icon/ui_enemy_normal_5004.ice,16\00df18f82c663466416d930fd053f1
large_icon/ui_enemy_normal_5005.ice,1c\da0479529bb43d88f5be7aa81a8eb6
large_icon/ui_enemy_normal_5006.ice,b6\8ca8e5b36fe3cbfef8ca1453ceb87b
large_icon/ui_enemy_normal_5007.ice,03\fed86c2c82dacca32514f576c68cbe
large_icon/ui_enemy_normal_5008.ice,42\d3f5746dcaa051bdfb21a29704ac7c
large_icon/ui_enemy_normal_5009.ice,e4\7b2f4c0d2c956af45ecd9db19fa6c9
large_icon/ui_enemy_normal_5010.ice,dd\19a4cb6f33f7ac54b9802877f0fd89
large_icon/ui_enemy_normal_5011.ice,5b\5ed0e314554b823024ee066ec5db27
large_icon/ui_enemy_normal_5012.ice,a0\12dc59f34468fdd68ef57ccf2fd0e6
large_icon/ui_enemy_normal_5013.ice,cd\b9580656c584d59d8ad9e5aa2c3334
large_icon/ui_enemy_normal_5014.ice,c1\94665a7b610bd27e0f6e93bf8c8a07
large_icon/ui_enemy_normal_5015.ice,f4\f38c3c60498d8e21de7292347d8c8e
large_icon/ui_enemy_normal_5016.ice,13\eab6afbb866df52cd2f0394c997839
large_icon/ui_enemy_normal_5017.ice,b4\4efb6cad522c1465c6b7b352e2c8ee
large_icon/ui_enemy_normal_5018.ice,ef\dc9d78e576ceef46a93097f75051cc
large_icon/ui_enemy_normal_5019.ice,aa\f54e18bcf731a05a460c4466143a0c
large_icon/ui_enemy_normal_5020.ice,47\c53bfa98595dd17576d6e2265ee38f
large_icon/ui_enemy_normal_5021.ice,f5\fe83fad80651eeca18ee37f5e27543
large_icon/ui_enemy_normal_5022.ice,a8\9f4ab7f4ca1d81c86c506b8e8a194c
large_icon/ui_enemy_normal_5023.ice,3d\fc455dcf8b905919deb860db3524c8
large_icon/ui_enemy_normal_5024.ice,64\f73ae76c195eca51b66d25c832ca66
large_icon/ui_enemy_normal_5025.ice,35\4546187c49079e7786d6c7c37ab5ea
large_icon/ui_enemy_normal_5026.ice,8c\e7493f13c119b12d9394adb1a7c3bf
large_icon/ui_enemy_normal_5027.ice,ff\e4c101fa01b666c842cc12c8b14bee
large_icon/ui_enemy_normal_5028.ice,96\d83847d254a8f085d5d664065b32ec
large_icon/ui_enemy_normal_5029.ice,0f\35b0a2a01847376ec4c3787fd50082
large_icon/ui_enemy_normal_5030.ice,fc\384b9d516b38f4a37cb35f2d1042f2
large_icon/ui_enemy_normal_5031.ice,a2\3f9ac85af8252f3161b3d7b3154a89
large_icon/ui_enemy_normal_5032.ice,20\952e0f2d1ba2808315df2626ca8d6b
large_icon/ui_enemy_normal_5033.ice,59\6bedc22599f607afae2cfac433190b
large_icon/ui_enemy_normal_5034.ice,d1\c5cc92f4faba3b4735fb4ede0eb63f
large_icon/ui_enemy_normal_5035.ice,64\21ac85179cf14d867f8dd9e06e838e
large_icon/ui_enemy_normal_5036.ice,32\ce076ed16710053c98c71330dcb5c2
