ui_stamp/ui_stamp_0001.ice,0a9e75146ff0bb0a94a1ff123e6de64e
ui_stamp/ui_stamp_0002.ice,9669f4a3db8433a9551596887d17e045
ui_stamp/ui_stamp_0003.ice,804a14c262aba9d15d657f5bffa2a19b
ui_stamp/ui_stamp_0004.ice,77279f250324b657294323bc5e50b9fa
ui_stamp/ui_stamp_0005.ice,03c40cd639c3a6a0ee5b3fdbc5b94330
ui_stamp/ui_stamp_0006.ice,e71d951b5ed9bca3efe0ab8a45e33046
ui_stamp/ui_stamp_0007.ice,f523544ffc58cf5673a971ceaa7d4ddb
ui_stamp/ui_stamp_0008.ice,c2ebb9d518a0ce9290f48c8d523b7937
ui_stamp/ui_stamp_0009.ice,9bc77a03326bee7fa648dabcae91079f
ui_stamp/ui_stamp_0010.ice,7629ac505816c3dbba2588794842dfe3
ui_stamp/ui_stamp_0012.ice,6b0371747b3b5f46fe96705656586614
ui_stamp/ui_stamp_0013.ice,cf69750cef668cc471ac0a7fd07d1ddb
ui_stamp/ui_stamp_0014.ice,118b47d83b2056b052284df5780b2e4b
ui_stamp/ui_stamp_0015.ice,40b4d451003f424cdc877ad3043b73cd
ui_stamp/ui_stamp_0016.ice,52b88f8bb57d5e415267507d88465efc
ui_stamp/ui_stamp_0017.ice,776baace36c808ea5414c7d4bd75dd82
ui_stamp/ui_stamp_0018.ice,5b48edca0bef3738572e43a97fd9906e
ui_stamp/ui_stamp_0019.ice,e428e9610070eb06d4e82829374f645c
ui_stamp/ui_stamp_0020.ice,3149b8a8bc2eb50a5f813298fc471a6e
ui_stamp/ui_stamp_0021.ice,43e81c2bc2506022e637ad72335fa97e
ui_stamp/ui_stamp_0022.ice,50037e2fa19a82e8d052d30aa2d26c5f
ui_stamp/ui_stamp_0023.ice,7aae2320884a115eab3fe385e7ddbd9b
ui_stamp/ui_stamp_0024.ice,56bad1ff3ff1b301062b9280d8bcfb87
ui_stamp/ui_stamp_0025.ice,b2f8e0aade6201424ca88053c3edb253
ui_stamp/ui_stamp_0026.ice,9e3f13e327d10c7c7092c7f82bb2d1eb
ui_stamp/ui_stamp_0027.ice,77be4278f02ff92b41074cecae2a0040
ui_stamp/ui_stamp_0028.ice,25fd30a62a0fa7d2cfe8b0eb9e92045c
ui_stamp/ui_stamp_0029.ice,4148bad823ac564baeeb62fb19df5d0b
ui_stamp/ui_stamp_0030.ice,6dc11bdb839b02e2914d1ed903a43467
ui_stamp/ui_stamp_0031.ice,7bd3b3ce6562026af4b1efde72ef52ef
ui_stamp/ui_stamp_0032.ice,4df1c8dcc09cb5616290a3f2a6e0bd27
ui_stamp/ui_stamp_0033.ice,eff2dee5e434b1aeb0f8ba4345076487
ui_stamp/ui_stamp_0034.ice,3ea320cd49974473f83e6f74506815e4
ui_stamp/ui_stamp_0035.ice,4b468547094b6782161936106cd9e201
ui_stamp/ui_stamp_0036.ice,f499e8e3759e330749f67c50bb332ca2
ui_stamp/ui_stamp_0037.ice,7303b72bb0d87c2bc2a856273384430a
ui_stamp/ui_stamp_0038.ice,a9277f7c3cb222d5b86a03337e0e7a5c
ui_stamp/ui_stamp_0039.ice,53fa0202c5d082f1fda40d1e58c0e2b2
ui_stamp/ui_stamp_0040.ice,c45f3dcaab0d85ad116b4fbd7e3c4f76
ui_stamp/ui_stamp_0041.ice,bcb6844f45b32ae6131013c76ecb2aee
ui_stamp/ui_stamp_0042.ice,a20b2136dca7c8af530dd6c32390785b
ui_stamp/ui_stamp_0043.ice,31886f02501a8c71a9d3cdce27c8bd89
ui_stamp/ui_stamp_0044.ice,3d8a82e9e036615f0708e7b8efdd7487
ui_stamp/ui_stamp_0045.ice,da8a25226ab66b3c8209eb9792e1016b
ui_stamp/ui_stamp_0046.ice,4dd8f57ded10fe5fbecae45e92aa1e4b
ui_stamp/ui_stamp_0047.ice,cbea8efe5b6b74ef87d77a8c6cf512d3
ui_stamp/ui_stamp_0048.ice,acfdb4c868cb101ebc46531839a4cd46
ui_stamp/ui_stamp_0049.ice,457b2e4f13c5f3c3eebd0829fbd6b363
ui_stamp/ui_stamp_0050.ice,157368da58f8b47526185e57abf5027b
ui_stamp/ui_stamp_0051.ice,6a8b4b310baf622e11e8af598fa36bea
ui_stamp/ui_stamp_0052.ice,e266cc685c49e364ca283f3ea137e520
ui_stamp/ui_stamp_0053.ice,07f057881ea79feb7b1156276e75ab7c
ui_stamp/ui_stamp_0054.ice,2059ba7aec0f60f075d3bba96c76c9a4
ui_stamp/ui_stamp_0055.ice,ad96aa761b4c30c02055574e6b01a139
ui_stamp/ui_stamp_0056.ice,119d969b59bcfe56c6ea7b7c61c10e91
ui_stamp/ui_stamp_0057.ice,e0ae30733bb7b81b3a5f272cf2382f7e
ui_stamp/ui_stamp_0058.ice,06ac25c6b036ba8a7c45b9c29fa28c09
ui_stamp/ui_stamp_0059.ice,ec01a0fb3bff863cd5720f22dfaf7f4c
ui_stamp/ui_stamp_0060.ice,dcd96ab137c8f9bb66a81f1d059a2a66
ui_stamp/ui_stamp_0061.ice,0476909eaa12e12c35a7b04eec5f1d72
ui_stamp/ui_stamp_0062.ice,7dcf9b9aee7e1d7e44abfd21263ddecf
ui_stamp/ui_stamp_0063.ice,c0d660ff92d5c2eca000213279959139
ui_stamp/ui_stamp_0064.ice,3367430569e6365ddab931ca551b182a
ui_stamp/ui_stamp_0065.ice,a02d01116ffa1a99b3a477b2b3b25687
ui_stamp/ui_stamp_0066.ice,ab6514a0ae57fa079ccc30a8cbcde290
ui_stamp/ui_stamp_0067.ice,686ff9bf04bb4165cdd0469a8ca98e35
ui_stamp/ui_stamp_0068.ice,1ec5cf6edb785fabd6ad552c460ff582
ui_stamp/ui_stamp_0069.ice,23fc93b601bd2f815809790e0cf61d8f
ui_stamp/ui_stamp_0070.ice,30b5ae44ee5dce635f47975c3a928b82
ui_stamp/ui_stamp_0071.ice,4c068076d2e01fc7c1d6435672db02da
ui_stamp/ui_stamp_0072.ice,0a461935bc170df7785df8f7729c2d13
ui_stamp/ui_stamp_0073.ice,850aa183d9fe7bc0cdcdda96361a3d1f
ui_stamp/ui_stamp_0074.ice,f6705ba7a1cab5ef555c271348130235
ui_stamp/ui_stamp_0075.ice,ac3939bafbaf36b8ad102aa043db2467
ui_stamp/ui_stamp_0076.ice,0211d4f48d76631771a6ac99badc346a
ui_stamp/ui_stamp_0077.ice,10cb1803a3fc2f4ccf542de07e5ef989
ui_stamp/ui_stamp_0078.ice,faf24934a819e8e1e70b113179779926
ui_stamp/ui_stamp_0079.ice,b3efaba0caadb381bf826f3f51ca2807
ui_stamp/ui_stamp_0080.ice,679a76a6356fc2040bc1833f656cc79c
ui_stamp/ui_stamp_0081.ice,56a4c8cbde6fecf21a4c15769183a3d8
ui_stamp/ui_stamp_0082.ice,061a9b2467d2aad3382563ecfbbf77a2
ui_stamp/ui_stamp_0083.ice,ec9634cbc9a03e31e2ce978d2f940551
ui_stamp/ui_stamp_0084.ice,bf9c6cc9b2d0e8f59bcfe9084ebd4234
ui_stamp/ui_stamp_0085.ice,7d194ac2c6956f56a66350cd11413ce9
ui_stamp/ui_stamp_0086.ice,015e542b38b5acb851ae5dc04ecbcddd
ui_stamp/ui_stamp_0087.ice,d78ca0ef9ae46089093e8fc28e4b71b5
ui_stamp/ui_stamp_0088.ice,2c23c979a3c72f7e27e2a9f4a2721c87
ui_stamp/ui_stamp_0089.ice,05ed55b44715978777a95b55fe79bf5f
ui_stamp/ui_stamp_0090.ice,2de09b7d310250ef4ed9f39b2b8efeaf
ui_stamp/ui_stamp_0091.ice,eb281735326e6e7f043b6376f6afc278
ui_stamp/ui_stamp_0092.ice,49396c79758662ec171fdfab43c61d52
ui_stamp/ui_stamp_0093.ice,60c542a2637929a6c1960aeedcdc2543
ui_stamp/ui_stamp_0094.ice,28b1fb031df7f52accf7cdc4ae94e6f1
ui_stamp/ui_stamp_0095.ice,654da5df3e62d877421fe0c085534e03
ui_stamp/ui_stamp_0096.ice,529e9ebbb3ddbc87d5c32140f04d0fda
ui_stamp/ui_stamp_0097.ice,acd861aacc54e5210f94073cad6910e8
ui_stamp/ui_stamp_0098.ice,c206749b815e1229a1fdda505cd18c9e
ui_stamp/ui_stamp_0099.ice,6582d4c9de5d0170aa1ab5dff14cdac0
ui_stamp/ui_stamp_0100.ice,b4f3960d4fe3c5db2c4ce73745345d70
ui_stamp/ui_stamp_0101.ice,04dce42b613d7832217488811bd7f4ff
ui_stamp/ui_stamp_0102.ice,67e67bd0debf1e1d243cdc30fde8b4a5
ui_stamp/ui_stamp_0103.ice,d79590b3b2605bb5bfc61400aed2e956
ui_stamp/ui_stamp_0104.ice,7d30f6fc9016f1311e0a6591e40a32f7
ui_stamp/ui_stamp_0105.ice,d089aa1b908558f2cb14839ce573a725
ui_stamp/ui_stamp_0106.ice,2e131148d323a0e6451358be2ef18470
ui_stamp/ui_stamp_0107.ice,04777871b2e185038206f5598b422a19
ui_stamp/ui_stamp_0108.ice,b80c253519a6dcc616d9b5eacfd42bc9
ui_stamp/ui_stamp_0109.ice,17a64451b0057c90cc972e92d9526cce
ui_stamp/ui_stamp_0110.ice,f763caf4252f7a5c61066d965379d147
ui_stamp/ui_stamp_0111.ice,79c7fe960e4e4d9c067d7195749342b7
ui_stamp/ui_stamp_0112.ice,7fd5f54147bb3c7802a8fb482a269c53
ui_stamp/ui_stamp_0113.ice,c6a08dc8b2732a5e30ab7430dc649f9e
ui_stamp/ui_stamp_0114.ice,9e3780fff232e43b110556ac0706a764
ui_stamp/ui_stamp_0115.ice,03450ef77fc0da82b3914adfde059ceb
ui_stamp/ui_stamp_0116.ice,a1ef82fd68906becec25b38a488daa93
ui_stamp/ui_stamp_0117.ice,968e5cb7ad9441e1afbe9990093c2f53
ui_stamp/ui_stamp_0118.ice,7368ac2594cca0f7bd0dd0bd1cced13f
ui_stamp/ui_stamp_0119.ice,4a021afb38a64a069a351c407fec7393
ui_stamp/ui_stamp_0120.ice,f651f8ad07e1761b36e9df85ccea1498
ui_stamp/ui_stamp_0121.ice,fa1dedb9af354f67317bc17ea17ee416
ui_stamp/ui_stamp_0122.ice,d9d9e33450987bed0c5e66c34019409d
ui_stamp/ui_stamp_0123.ice,777ffc3574f52cb398cb024c9d0ed4f9
ui_stamp/ui_stamp_0124.ice,6e0852bad3852b9d115a90e58cc5aebb
ui_stamp/ui_stamp_0125.ice,88aaf8da51eccabe020b566d50c19400
ui_stamp/ui_stamp_0126.ice,fbaeb7f0d9096934c39a6d4064961877
ui_stamp/ui_stamp_0127.ice,aa141931e30ca4d49a509a3b2614cf63
ui_stamp/ui_stamp_0128.ice,280e0d888f6942ecfa352acc6e69cc93
ui_stamp/ui_stamp_0129.ice,2a5ca38a78e5465369ca531cd0994273
ui_stamp/ui_stamp_0130.ice,8d17d37cbf56b0f77e2bd7de710be155
ui_stamp/ui_stamp_0131.ice,6fa446a7f8f00a72e67f4ac0a2a17165
ui_stamp/ui_stamp_0132.ice,c69824f29f25a9a515132d498ab2ba8d
ui_stamp/ui_stamp_0133.ice,5a760f231caabc9c727ae266dc53b20b
ui_stamp/ui_stamp_0134.ice,b6e017325d2c3d6e956aed8a5498c056
ui_stamp/ui_stamp_0135.ice,e8b2aad106a48ac77a218cf9fbbee5a1
ui_stamp/ui_stamp_0136.ice,0d6f0360f0df140bb2f4019f43449d60
ui_stamp/ui_stamp_0137.ice,e62d7ab5753e0ac6a7bbefd9cb60f5d7
ui_stamp/ui_stamp_0138.ice,10114a84f838974d6421e13711ea593c
ui_stamp/ui_stamp_0139.ice,0940d94a37fb3f5dc9840c61a4d47b6f
ui_stamp/ui_stamp_0140.ice,30bd8106eba0cff544b563f9ffca07f3
ui_stamp/ui_stamp_0141.ice,51a77825f3bd7062c340a01aafe7a8cb
ui_stamp/ui_stamp_0142.ice,68aff0f8b0dd93de41143c861c8a6cf1
ui_stamp/ui_stamp_0143.ice,86f519ccc58483c68db68b75ace9cc38
ui_stamp/ui_stamp_0144.ice,f9758819d227f4d621037cd25b29b2a0
ui_stamp/ui_stamp_0145.ice,8c4519b098ea9cec07d5661b17c4ad81
ui_stamp/ui_stamp_0146.ice,9ce3ab0df1203200bb5d367ec3797e7a
ui_stamp/ui_stamp_0147.ice,23ce9939bc25241aeba6548f36e0b90d
ui_stamp/ui_stamp_0148.ice,2b0d6587ff7046594094261b4de84aa4
ui_stamp/ui_stamp_0149.ice,227e663079b532cba1ca7490ddcb5d72
ui_stamp/ui_stamp_0150.ice,2700abe688bc3181440eab50218f38b1
ui_stamp/ui_stamp_0151.ice,e9018e055dee0a789ee3b7983d783d59
ui_stamp/ui_stamp_0152.ice,7fbcef1b017df2c325e47c0ccb17efa4
ui_stamp/ui_stamp_0153.ice,c00d43ba5850466b49eb241d3c5f8ee8
ui_stamp/ui_stamp_0154.ice,f3cef1b32052348800e9bc6b4f308329
ui_stamp/ui_stamp_0155.ice,6658508e0de49419010a8c543f742a46
ui_stamp/ui_stamp_0156.ice,ea2f7f6b81e6b94151300fe6f2558c96
ui_stamp/ui_stamp_0157.ice,566b92b5f73b625e3bcd9dd0ca9f07af
ui_stamp/ui_stamp_0158.ice,a6f69d2cfe0a651372453e2941248c7e
ui_stamp/ui_stamp_0159.ice,79ed48c7f5263c8074c91a7572ab0900
ui_stamp/ui_stamp_0160.ice,0f28094942c962bea4fe40a7e55867f9
ui_stamp/ui_stamp_0161.ice,9a1850982d62c159fa16a416b80cd266
ui_stamp/ui_stamp_0162.ice,ea71c7691e3a4ba63f6c8ab0ad6a873a
ui_stamp/ui_stamp_0163.ice,d987a63db8364681f801924e5bbcde7e
ui_stamp/ui_stamp_0164.ice,9492eee285cfcba4eebfcc5719bf9a8b
ui_stamp/ui_stamp_0165.ice,1ce3e2611d2b18e6a8f6726c211ff856
ui_stamp/ui_stamp_0166.ice,a62400509d3e0165e13baaba9a959cf0
ui_stamp/ui_stamp_0167.ice,d2cda638a14ebc3dfcd2bb794c5cff33
ui_stamp/ui_stamp_0168.ice,48f7f46181f881b79f3a32482c1ead74
ui_stamp/ui_stamp_0169.ice,da4608112cd32a02ea9a115b4501fd37
ui_stamp/ui_stamp_0170.ice,ff77082c283072d95d5cb8a621bbf503
ui_stamp/ui_stamp_0171.ice,1086bb8b3507d2684f08768697cfeece
ui_stamp/ui_stamp_0172.ice,fc5063a613748b826ceda150f605d0cc
ui_stamp/ui_stamp_0173.ice,69493f4e8f1ac88243df120e79a153bf
ui_stamp/ui_stamp_0174.ice,94755dc83e8651e3e499020f68bf2840
ui_stamp/ui_stamp_0175.ice,66e76f332e3e8a92abddfdcb6ad646ce
ui_stamp/ui_stamp_0176.ice,8719f57ff1a3f16c7ed84712e6b2b619
ui_stamp/ui_stamp_0177.ice,0602f4f47edb206560e98e7ce8695fad
ui_stamp/ui_stamp_0178.ice,cc3995f03617b18fb6b1dd4007da6346
ui_stamp/ui_stamp_0179.ice,2049107207b7b899ec4ef05d07a70a7f
ui_stamp/ui_stamp_0180.ice,59b0dcb2de65f06eff3ef0a523d53c24
ui_stamp/ui_stamp_0181.ice,b12b3b6d572134620c23c3f17966f75d
ui_stamp/ui_stamp_0182.ice,adb5d08354f19459364ce467a3284754
ui_stamp/ui_stamp_0183.ice,e65c8c7af7cf2dc8bdc1373e67f504b0
ui_stamp/ui_stamp_0184.ice,2ffea54d0b43c14fb788bf55a3649a39
ui_stamp/ui_stamp_0185.ice,a008fdf6e826cd6574e4b86c83959fe0
ui_stamp/ui_stamp_0186.ice,7ed38c23140b6ac2fe4d2a27ba7ce92c
ui_stamp/ui_stamp_0187.ice,addbfa81bf297d6302322d9a3dbc3020
ui_stamp/ui_stamp_0188.ice,791013865527d7a3bd8ece75f027a93c
ui_stamp/ui_stamp_0190.ice,249644a919198e4a49a7fdd31be11191
ui_stamp/ui_stamp_0191.ice,584739251343afe7a096637ecb404928
ui_stamp/ui_stamp_0192.ice,2ba7b4829bf51f16d917fcd30ac4705d
ui_stamp/ui_stamp_0193.ice,e6b7223f2927c58833cb26518e46b7f3
ui_stamp/ui_stamp_0194.ice,aaa6023159bcb002aaa49aafac02a83e
ui_stamp/ui_stamp_0195.ice,7515e36d366a56598b2457248bd7bc0e
ui_stamp/ui_stamp_0196.ice,1624e301c6c3f54ba2703b08626d47fd
ui_stamp/ui_stamp_0197.ice,f7c970db0a2e83f1d2c82def0665c305
ui_stamp/ui_stamp_0198.ice,c2fe4c9b9fa69802ea9f18e55ca56264
ui_stamp/ui_stamp_0199.ice,afe2b1506704c4b57360b3b496a2ed7a
ui_stamp/ui_stamp_0200.ice,e8d271d86a0f1436d6073247026522f2
ui_stamp/ui_stamp_0201.ice,cf3414df35c2e96d97617ee6da57ea79
ui_stamp/ui_stamp_0202.ice,43a5e6ca464cf6267a923a3f925d2c35
ui_stamp/ui_stamp_0203.ice,66363cb7d0c29d5de1164a6ba44993e8
ui_stamp/ui_stamp_0204.ice,f6e45f8acbf9d35cd7c88f7d5b4ba746
ui_stamp/ui_stamp_0205.ice,099d20436d0c2088fed924768aa3c9f8
ui_stamp/ui_stamp_0206.ice,e4582f98bcea75f9bd87f26843004664
ui_stamp/ui_stamp_0207.ice,773d068cabffda036ab035f2e18fd956
ui_stamp/ui_stamp_0208.ice,c667fca1f5f9017af99e175e50e873c3
ui_stamp/ui_stamp_0209.ice,a90c6bb50e34499647c72a7f4c0af4dd
ui_stamp/ui_stamp_0210.ice,961097d6f10623d5b71548ac0b4346db
ui_stamp/ui_stamp_0211.ice,d74819c1d154f50f13545e7b6285a627
ui_stamp/ui_stamp_0212.ice,6bc20532c8c5cf2199827ad694c55598
ui_stamp/ui_stamp_0213.ice,0511d6e6b5319bd48cda526c4c632eb0
ui_stamp/ui_stamp_0214.ice,bbd11d9cea017bfaab9bb848ca879b3a
ui_stamp/ui_stamp_0215.ice,381a62fbbd689ed157cea551a3816dff
ui_stamp/ui_stamp_0216.ice,1ae8412b43a2d33656d3bc0df6068bb7
ui_stamp/ui_stamp_0218.ice,72d0cf1b64c15a1733681ddb8380b893
ui_stamp/ui_stamp_0219.ice,a65e9984805fe0be026d0217918229f4
ui_stamp/ui_stamp_0220.ice,74fe369c1e578114a894ed95b41be747
ui_stamp/ui_stamp_0221.ice,1c0319da7b465345d2d2c17b8acf535e
ui_stamp/ui_stamp_0222.ice,49e9f6899f95fb916177083004552a43
ui_stamp/ui_stamp_0223.ice,ce4a2d2a32ec14475a7415637612ef51
ui_stamp/ui_stamp_0224.ice,1bae8f59b8c26ebf7bc77226b46e4187
ui_stamp/ui_stamp_0225.ice,f27bd7b4493b997b35a97e6272789e2b
ui_stamp/ui_stamp_0226.ice,e9d2af309587f1ac0e8a88e340fd7c72
ui_stamp/ui_stamp_0227.ice,d1d9914775a0fbe26b76b86a578baf9b
ui_stamp/ui_stamp_0228.ice,bfb347e6159084c2f9e9504d8569c70e
ui_stamp/ui_stamp_0229.ice,216b691ef7cb57d3caed3844c98b31d0
ui_stamp/ui_stamp_0230.ice,edb6a04a8054c307cb4d203f3df384a4
ui_stamp/ui_stamp_0231.ice,a9ca8f3e3f293a7b64d4047eaf53a9e2
ui_stamp/ui_stamp_0232.ice,00af8f78862ece09dc6d9cdfe1737a01
ui_stamp/ui_stamp_0233.ice,7b5d1b6165c1114711c1aa915e625620
ui_stamp/ui_stamp_0234.ice,8152b59a18a8bdbf07a2071d978e3268
ui_stamp/ui_stamp_0235.ice,a42245570b432bf36dd9ccdd875f6204
ui_stamp/ui_stamp_0236.ice,84acfb1502301254eca3d4610347550a
ui_stamp/ui_stamp_0237.ice,930da3ea81f872c54332c00dd91e4958
ui_stamp/ui_stamp_0238.ice,213f5f37fb92a025c83fb344cb60944b
ui_stamp/ui_stamp_0239.ice,53139113c0594431ba6a0c05bd6763e0
ui_stamp/ui_stamp_0240.ice,b0cc7df1eedc9732af5951e2a59107c6
ui_stamp/ui_stamp_0241.ice,b277af6c7663aff49b11cc6e83235676
ui_stamp/ui_stamp_0242.ice,ab38deec087572abbe5d6f711a87f958
ui_stamp/ui_stamp_0243.ice,7a6795336e924530d7d8919d2caf7a03
ui_stamp/ui_stamp_0244.ice,2b2e0d3472838b7ca677896ad6c0f78e
ui_stamp/ui_stamp_0245.ice,6c5a00fea1f25ea0be569cca5241ed74
ui_stamp/ui_stamp_0246.ice,4edec1c54f152706b67e54aea0baace9
ui_stamp/ui_stamp_0247.ice,d3086379169e785a31b648bd20ff3e10
ui_stamp/ui_stamp_0248.ice,023c706a1b764901814d056d1e2a584d
ui_stamp/ui_stamp_0249.ice,5ad897917e92062ee738cbef2daa933d
ui_stamp/ui_stamp_0250.ice,f758eec8adb1994cc0974e81e0b1d919
ui_stamp/ui_stamp_0251.ice,76a54c9ef516790f82567a0f0ed9cafa
ui_stamp/ui_stamp_0252.ice,fbe3aeeca9e698458d488d688774a6ba
ui_stamp/ui_stamp_0253.ice,f3ba985ec5b4dc40df8f7176167cf7a1
ui_stamp/ui_stamp_0254.ice,c949b4bee89ac5967cb20b4c32af0b11
ui_stamp/ui_stamp_0255.ice,11a31ac0253ceb9d56a8146fd73c9ef1
ui_stamp/ui_stamp_0256.ice,fa98bef1dbe3f066a274db5db5a429e4
ui_stamp/ui_stamp_0257.ice,9018f6af379e62f3ce06efb307cff1c5
ui_stamp/ui_stamp_0258.ice,e3f34ae61069e9d400512584566f00fc
ui_stamp/ui_stamp_0259.ice,4f9ca08d682473cfdc39aa11fec16360
ui_stamp/ui_stamp_0260.ice,942a873af9c0664d535d07e645bddac7
ui_stamp/ui_stamp_0261.ice,9168cba166ba9a0534de3219e8d4abe3
ui_stamp/ui_stamp_0262.ice,d50c34072784ea93536119f816af8986
ui_stamp/ui_stamp_0263.ice,c49ce6fa10aaf40b2dae251a3211fb91
ui_stamp/ui_stamp_0264.ice,a2e926c55705372135a81c95ee395ba5
ui_stamp/ui_stamp_0265.ice,701866b465fdd4efc5ea1acda4ca4448
ui_stamp/ui_stamp_0266.ice,ffcde1ae4b680b838150d713dbe6068b
ui_stamp/ui_stamp_0267.ice,398d8d964ba847bcc1adf831865c331f
ui_stamp/ui_stamp_0268.ice,ec3ed60fba1f4b22adbd1f768bb516f1
ui_stamp/ui_stamp_0269.ice,09382198d15c134cef2bce53fdace6dc
ui_stamp/ui_stamp_0270.ice,58110d2d407b12f3133530149e5bc04a
ui_stamp/ui_stamp_0271.ice,8fbecc0d3643f889bafb38729e2b63a0
ui_stamp/ui_stamp_0272.ice,8fef9b0344910f45a206b20870b60b96
ui_stamp/ui_stamp_0273.ice,aae8828aec50f0e514763b2093af9d30
ui_stamp/ui_stamp_0274.ice,ed00fcfc7c3559ea02079f3f83081e2e
ui_stamp/ui_stamp_0275.ice,25ada39a2cbf45a503d1380026e5bd6a
ui_stamp/ui_stamp_0276.ice,41958bbb2ed893be900ebb0ce0abb1af
ui_stamp/ui_stamp_0277.ice,04c19c925ec8b5b479ae06c560792c40
ui_stamp/ui_stamp_0278.ice,5f95273938347bdd0ad06e65d1a95ea4
ui_stamp/ui_stamp_0279.ice,c8f21a8c6ec3093d31e3b2a7bbab9588
ui_stamp/ui_stamp_0280.ice,c77247a9fded0994954cc1cd85ce40fc
ui_stamp/ui_stamp_0281.ice,c891d1e8f491ed7b3aa3dee9fab4a1b6
ui_stamp/ui_stamp_0282.ice,404666360464d9f98b67c9ef9f6980bb
ui_stamp/ui_stamp_0283.ice,fc0832847f9891b9720582a226553311
ui_stamp/ui_stamp_0284.ice,58ac5fa7861ac6be8df62e717797128b
ui_stamp/ui_stamp_0285.ice,0282f9e4c8766741edae1858b14ae210
ui_stamp/ui_stamp_0286.ice,bcbf4ff833bcd8a47541fac5d7d9c3b2
ui_stamp/ui_stamp_0287.ice,de01bfd821275ee78e1201375fb6e2bf
ui_stamp/ui_stamp_0288.ice,dd757cd10d7091fb079164e2942375cb
ui_stamp/ui_stamp_0289.ice,fd64ebf4711120fe83f3d0dfe149bd46
ui_stamp/ui_stamp_0290.ice,0ccefb26a9e095799e5a740bd0efbf55
ui_stamp/ui_stamp_0291.ice,631b8f7633ae13cb171bb334d193e577
ui_stamp/ui_stamp_0292.ice,63fe0378d2cc79b078ea0783bdf86877
ui_stamp/ui_stamp_0293.ice,2e50ed95afc376b55813137e80247390
ui_stamp/ui_stamp_0294.ice,610e747a90e23fef30271adea1d3a0b3
ui_stamp/ui_stamp_0295.ice,e93b65b50fe434d51c4403213519ee07
ui_stamp/ui_stamp_0296.ice,434fc6fd1301e5ac59ca04def79fee6f
ui_stamp/ui_stamp_0297.ice,e49cd50c63296ae462f76b9117b8276c
ui_stamp/ui_stamp_0298.ice,6263df8f256d41c09df86ce09c0bbf01
ui_stamp/ui_stamp_0299.ice,020cb52c127a0c2afe8883a82533f513
ui_stamp/ui_stamp_0300.ice,4c8a02f1421e0e9ff53c6e259f801d0a
ui_stamp/ui_stamp_0301.ice,dccb15002267818e970962dcb73844e1
ui_stamp/ui_stamp_0302.ice,c1722e735d0897359cf8ebe9bb9ca618
ui_stamp/ui_stamp_0303.ice,760a3530d872321447c76c349b6f6b9f
ui_stamp/ui_stamp_0304.ice,ff8eed6c49f814b8479281023f7ce555
ui_stamp/ui_stamp_0305.ice,f8664ab6150bbb855726fee03a5ea62a
ui_stamp/ui_stamp_0306.ice,f71911b7ca0b5882d4f038a03e0af65d
ui_stamp/ui_stamp_0307.ice,1897abed612fe82bf9f264cd311a10f4
ui_stamp/ui_stamp_0308.ice,c82ae6dc550789b0866a44522846cf46
ui_stamp/ui_stamp_0309.ice,4ef47ccf83b8031ac186ec6cdcaca538
ui_stamp/ui_stamp_0310.ice,429b2ff45d1f013a9f900dbbddda25f3
ui_stamp/ui_stamp_0311.ice,63976a69c11e9370e424da17e2ff6c90
ui_stamp/ui_stamp_0312.ice,8a4f6b70420b1f1ba7ef5afbd67d3af0
ui_stamp/ui_stamp_0313.ice,aad7a130e85f2c899c82bd42e2c74894
ui_stamp/ui_stamp_0314.ice,f20813049546c49b7d103de523471e21
ui_stamp/ui_stamp_0315.ice,70bec2a22f7c2bfe29cb2ec19ef7da61
ui_stamp/ui_stamp_0317.ice,56fb51c9c906199ba4e441428a747605
ui_stamp/ui_stamp_0318.ice,e5c6179fff4f54409db0e87007249b88
ui_stamp/ui_stamp_0319.ice,32fa7ea6e6c81308e07b277d1a3a15ed
ui_stamp/ui_stamp_0320.ice,40619d2c99e6f4295edcb952d52c4479
ui_stamp/ui_stamp_0321.ice,2f1942a80d7d12733902b85e1e81a47f
ui_stamp/ui_stamp_0322.ice,354f2ff761516f5ee2f5e1d70c9645d6
ui_stamp/ui_stamp_0323.ice,199ba7b51618b92eb6340470e6375232
ui_stamp/ui_stamp_0324.ice,1452b527008200287eb7d12a1a1a3c83
ui_stamp/ui_stamp_0325.ice,fd4f07d6eedf9dfc04796d069d3c6a46
ui_stamp/ui_stamp_0326.ice,aaa377d60216358edaa02609132f7a69
ui_stamp/ui_stamp_0327.ice,371f0c2389fc6d35e26bf163055c31b0
ui_stamp/ui_stamp_0328.ice,4e5571842522c73347fea73a8cfb084d
ui_stamp/ui_stamp_0329.ice,6daa402abc456996428cfc7f44d58370
ui_stamp/ui_stamp_0330.ice,1250faa44e54ccd06bc4a0ac937513d2
ui_stamp/ui_stamp_0331.ice,6eda7fb0faf4bac8b89b993eb658c649
ui_stamp/ui_stamp_0332.ice,37dc3433e57f85de7163797e69ea2bae
ui_stamp/ui_stamp_0333.ice,2f380ed1c99fe4ffcd9663b57d47cba8
ui_stamp/ui_stamp_0334.ice,5c78a9fc69e0e93c56f4d88d3bd47f76
ui_stamp/ui_stamp_0335.ice,f03d40f74ffb8937ce1194618b2684cd
ui_stamp/ui_stamp_0336.ice,1b591990cc1bbe7fdb376dcf52e25a54
ui_stamp/ui_stamp_0337.ice,db0bf348aff7e1fa81114003c96b7aec
ui_stamp/ui_stamp_0338.ice,bd888f2775a4fad053084eb2d0311f3a
ui_stamp/ui_stamp_0339.ice,1cb99dfaf0c2d5021ea7ee8f7fa5888a
ui_stamp/ui_stamp_0340.ice,5aee62cd25795e9bb5d4491ebb95c313
ui_stamp/ui_stamp_0341.ice,aea7f86a75954e855d8439dd9d543ede
ui_stamp/ui_stamp_0342.ice,274c86ed4757b80ef04e3bbfc1ff2b4c
ui_stamp/ui_stamp_0343.ice,5bc88bcbb9a057aa485da99911d3646e
ui_stamp/ui_stamp_0344.ice,30b6ef3902a6eb2522d32bb207c00f9c
ui_stamp/ui_stamp_0345.ice,cdaa2cc0bcfea6e27c6d9d21b85dbdc5
ui_stamp/ui_stamp_0346.ice,6c520c099843ff17269a2974205b084e
ui_stamp/ui_stamp_0347.ice,6d78d08f5afddffe396740acf08cff25
ui_stamp/ui_stamp_0348.ice,db62761784359a226f4254034056dc98
ui_stamp/ui_stamp_0349.ice,f30b7884087d3f86941717da60436c0d
ui_stamp/ui_stamp_0350.ice,e67d7a6c55fe179804bff19002fda993
ui_stamp/ui_stamp_0351.ice,bd0840908dcb1c1af7b90efb2846485d
ui_stamp/ui_stamp_0352.ice,13a92f67fd70e51b5af7d19c263857a2
ui_stamp/ui_stamp_0353.ice,fddca9fbd271cfb4a09cf61c0c6ed105
ui_stamp/ui_stamp_0354.ice,e27156b264753190a1605488f7c37025
ui_stamp/ui_stamp_0355.ice,34b81dfc4880c29af7f3577372d0c294
ui_stamp/ui_stamp_0356.ice,0faef079c7acabfa5f42c83e6e507bee
ui_stamp/ui_stamp_0357.ice,7272de895a55d043f6778308c3bc1eb9
ui_stamp/ui_stamp_0358.ice,1575032d1ef98a5cfe6e1d9e7c9040d7
ui_stamp/ui_stamp_0359.ice,7b6e94c5ab7761934c7d4e9b9965b2a6
ui_stamp/ui_stamp_0360.ice,3f7b4b070bd6d4f4aa6a43044d9061b2
ui_stamp/ui_stamp_0361.ice,44f748851e64ef2189d3e021ff75e72b
ui_stamp/ui_stamp_0362.ice,f4adef11fad6a639edec10b76d3df8b6
ui_stamp/ui_stamp_0363.ice,ae3311b6179b15bb1e99c005625bcae0
ui_stamp/ui_stamp_0364.ice,b30643759339ce01c55daa0e4188fc2e
ui_stamp/ui_stamp_0365.ice,9b4544fb5dcee0872126e8c11e6931a6
ui_stamp/ui_stamp_0366.ice,ff7b585f4b7c1bfb3e26b8353009dbf6
ui_stamp/ui_stamp_0367.ice,f6940591e99490497c14be1fe61110e1
ui_stamp/ui_stamp_0368.ice,bba4faf924b8d6deb2d2da8a95e17fe2
ui_stamp/ui_stamp_0369.ice,5bc6e4a6b1a2e9ed0c4b51c8bb29f40f
ui_stamp/ui_stamp_0370.ice,efdcfdef4d87a5faaba0e93804223ca7
ui_stamp/ui_stamp_0371.ice,698767fe59c20b933ab0e36659bac2d3
ui_stamp/ui_stamp_0372.ice,4af37878fccbe32d66b5d769696f108d
ui_stamp/ui_stamp_0373.ice,7b8cf6ad4630c0d2026fa9ecc430de24
ui_stamp/ui_stamp_0374.ice,fb83aab4851c09815b9003c7766cc603
ui_stamp/ui_stamp_0375.ice,477f774b8c893e1e4b6e97045d226d80
ui_stamp/ui_stamp_0376.ice,d061bff07286af612080bc4e80028342
ui_stamp/ui_stamp_0377.ice,4bde5ed2ae179f313608794cb3d69e2d
ui_stamp/ui_stamp_0381.ice,1820aad3a3fe4fc83760198d765c6a75
ui_stamp/ui_stamp_0382.ice,3b5f4364e24b667aa9dec75bf2ee007d
ui_stamp/ui_stamp_0383.ice,050d0fd414c6eac6fc5d7ff96f32ce43
ui_stamp/ui_stamp_0384.ice,fdcbebd3d2649ea30eb67ddc5cec606d
ui_stamp/ui_stamp_0385.ice,d4ff4d89d4aa509e7fcb48d8efec15b4
ui_stamp/ui_stamp_0386.ice,fd3cd583929b3b7771ea58dc07937019
ui_stamp/ui_stamp_0387.ice,b0ea63faba8067ec2eb1462059591c0c
ui_stamp/ui_stamp_0388.ice,263bcb95a3c5e98ee43b45cf5f355ddd
ui_stamp/ui_stamp_0389.ice,64b62ef4f5acce103822706752c12efc
ui_stamp/ui_stamp_0390.ice,78287f57d86eedaa27b20c25316bf248
ui_stamp/ui_stamp_0391.ice,b061e10cea51539417a62d0cf524a3b0
ui_stamp/ui_stamp_0392.ice,a38f16d89b4acbc339e22fee0cff80b0
ui_stamp/ui_stamp_0393.ice,c97d07f0f2ab069fb2b15d6fe25c15a9
ui_stamp/ui_stamp_0394.ice,a08f91b85987b8ef290fda15504bc22d
ui_stamp/ui_stamp_0400.ice,262424a66d70c11e8369c9f257f34499
ui_stamp/ui_stamp_0401.ice,425b3d9f9c9d5ef782c54ff819343d34
ui_stamp/ui_stamp_0402.ice,18c669a6275d437d79c9f1f38fbda78e
ui_stamp/ui_stamp_0403.ice,82f52376fc46687f3cfa26a8e47781cb
ui_stamp/ui_stamp_0404.ice,56ecfdf9fc34ec4c90076fd5930fcf04
ui_stamp/ui_stamp_0405.ice,9d27fb18f87e1ae600ecff085faacf53
ui_stamp/ui_stamp_0406.ice,f6d00f9a82d8183d25de4c3fbf5655de
ui_stamp/ui_stamp_0407.ice,3069e3a2b5f63a117dce7fb509c34669
ui_stamp/ui_stamp_0408.ice,62a89ca2553e21c72c7cd41843f7318a
ui_stamp/ui_stamp_0409.ice,9a94fc4375ace9629babb04436a63734
ui_stamp/ui_stamp_0410.ice,79eea818a93e736c7ad7fe058774a95a
ui_stamp/ui_stamp_0411.ice,047259f87cbddb417ce31ab224bd18cd
ui_stamp/ui_stamp_0412.ice,acc186ece44a31f130eaacfd2b491519
ui_stamp/ui_stamp_0413.ice,fbb5cc90024cb45fa2a3bc0b0d0fa214
ui_stamp/ui_stamp_0414.ice,00c201b761395aa83d50b19df9384ae7
ui_stamp/ui_stamp_0415.ice,287b8df3143853eb32b7e21ca37900c7
ui_stamp/ui_stamp_0416.ice,79c984aaf960d41aac5c0e1dc0b1a45f
ui_stamp/ui_stamp_0417.ice,b02352c8e21a46d87804f3244aed2c94
ui_stamp/ui_stamp_0418.ice,dd9b391146334a5dbfa33c3b2cffe1aa
ui_stamp/ui_stamp_0419.ice,634c047010e18fb882aeaf580f773122
ui_stamp/ui_stamp_0420.ice,5d18ad512c8db32b70a1e7693ac7e799
ui_stamp/ui_stamp_0421.ice,7abba14c1df14dcf34ba5549e5114ae4
ui_stamp/ui_stamp_0422.ice,aec02245b7ff62819ea6b7274089ba22
ui_stamp/ui_stamp_0423.ice,6fc02371f1fc83064b8b5f9a228fb58d
ui_stamp/ui_stamp_0424.ice,40d69bcf7c541a98d7b229019afc8708
ui_stamp/ui_stamp_0425.ice,a50d7869faf9107710f9897eec328282
ui_stamp/ui_stamp_0427.ice,e766826e13670f4fe5b4487901009905
ui_stamp/ui_stamp_0428.ice,99ef71a462bd9c6dedcf6394f761d8fc
ui_stamp/ui_stamp_0429.ice,f02e7d914cbb1895b33d1a58d578c757
ui_stamp/ui_stamp_0430.ice,13e5a5c5fcd11870e3253c13ee29dc23
ui_stamp/ui_stamp_0431.ice,63e27e6e09e4f850170454a7d183f3d7
ui_stamp/ui_stamp_0432.ice,0e097df0c727d6a8e5451eb0354d6c76
ui_stamp/ui_stamp_0433.ice,656f25ad4344d7cbe4a98261fb251677
ui_stamp/ui_stamp_0434.ice,b667d19d109f7dfaed0ea20d0985021e
ui_stamp/ui_stamp_0435.ice,0a7271f91a52aa1e00207794cca3b74d
ui_stamp/ui_stamp_0436.ice,33a8d91a07abbc52a16a50d4d979c085
ui_stamp/ui_stamp_0437.ice,0d9fbe4dc70fca53e409080be3ca1b25
ui_stamp/ui_stamp_0438.ice,d0619bfae187568ea3787e9b79f4315f
ui_stamp/ui_stamp_0439.ice,fbe5ba9a22e45c07a1f7b411150309df
ui_stamp/ui_stamp_0440.ice,03aee5606f05b97df559f3f27e00d269
ui_stamp/ui_stamp_0441.ice,a92b7f9da21060d7995c8ad57c9ae675
ui_stamp/ui_stamp_0442.ice,e7e3e77066cb9439379252b10e2eafc2
ui_stamp/ui_stamp_0443.ice,ece9341b96743419a3ecb92e3c95ca8a
ui_stamp/ui_stamp_0444.ice,79a775221a52686c944a7be3b7f5c161
ui_stamp/ui_stamp_0445.ice,6314370a8687e2382b900d3c967b9312
ui_stamp/ui_stamp_0446.ice,60af2971b9760f6c5ae9fb68f2fd6eed
ui_stamp/ui_stamp_0447.ice,0884c02cb3b803767ed1a53ce33b85b4
ui_stamp/ui_stamp_0448.ice,f50d965b3a97fc21c8f3e3803102b9e1
ui_stamp/ui_stamp_0449.ice,ea2e349fc3868ff534dd3adb3225953d
ui_stamp/ui_stamp_0450.ice,43ee94496ffd18c35db0d7c4f9c08485
ui_stamp/ui_stamp_0451.ice,cfa0aabebde171c6801269c5e85f205b
ui_stamp/ui_stamp_0452.ice,549ed5191a51a5adb1d2051c652cde2c
ui_stamp/ui_stamp_0453.ice,3b72050b723cdef2183a002cdb132416
ui_stamp/ui_stamp_0454.ice,c7b11e1f57e3b2ad2120cc1cea9d8c77
ui_stamp/ui_stamp_0455.ice,ccd190af9347a3c5197eb32a851ec091
ui_stamp/ui_stamp_0456.ice,55e2bd4f0502f2d6bf5489379c899ed6
ui_stamp/ui_stamp_0457.ice,7ca1a0a319386fee5cb729c90708ef39
ui_stamp/ui_stamp_0458.ice,704f2bad79228468af6bfa02fd4758f2
ui_stamp/ui_stamp_0461.ice,0da4a11c8fa39e7e55e215cd8ceb96d5
ui_stamp/ui_stamp_0462.ice,d3bb4a41f9b8265b802e64fd187bccc8
ui_stamp/ui_stamp_0463.ice,49ec2f7b33ef4adb6c3e6dce23c875d1
ui_stamp/ui_stamp_0464.ice,71e65568babbd0e70cb0054b73ed54c0
ui_stamp/ui_stamp_0465.ice,a6083b94c8ea67d7a9d5aff2d3b53b9c
ui_stamp/ui_stamp_0466.ice,4251190eb15e594b7f44246f4c8275c4
ui_stamp/ui_stamp_0467.ice,10769ba43b696615299bb9ee85d9e132
ui_stamp/ui_stamp_0468.ice,75689bc216f7db8daecc7444dbd1654c
ui_stamp/ui_stamp_0469.ice,2e58e621fff0da86298b26f103544d4a
ui_stamp/ui_stamp_0470.ice,511c7ff65908e743fdc94e10f40844a9
ui_stamp/ui_stamp_0471.ice,cc23b043b013fe485ab260b707cb1ce2
ui_stamp/ui_stamp_0472.ice,69efc9afc3ad988ce785bc3bc5d41317
ui_stamp/ui_stamp_0473.ice,03cfeb34d49b81fe8f8e40185d61c7fa
ui_stamp/ui_stamp_0474.ice,07d3d872bd1cd01aeac82a6d893b7368
ui_stamp/ui_stamp_0475.ice,09fcdeef0f911f9b6176b5fc65d08de0
ui_stamp/ui_stamp_0476.ice,efb135105ddbfc0d3a3eb6ba600a6231
ui_stamp/ui_stamp_0477.ice,57133ef517ccddc6736d19207b784e47
ui_stamp/ui_stamp_0478.ice,84c5bdb687273114e9c5e40baecf9e45
ui_stamp/ui_stamp_0479.ice,bb69dbf80e9d7bb835e6b3efde34b390
ui_stamp/ui_stamp_0480.ice,71ac1501677165a23f66007e7ab75bf0
ui_stamp/ui_stamp_0481.ice,9f7d04e653c7c9dc5f28d142540a5783
ui_stamp/ui_stamp_0646.ice,144ca3f41a6ad3f3419018683dcc94bf
ui_stamp/ui_stamp_0647.ice,a9aa2faa0f7ba3c90a4726d0e6f27395
ui_stamp/ui_stamp_0648.ice,3ffca69bfa401b4acb6870b2bcbabe90
ui_stamp/ui_stamp_0649.ice,9de0414a55599e3a2615cd24a5457977
ui_stamp/ui_stamp_0650.ice,ddd8639e433ea99cec6d323402302c33
ui_stamp/ui_stamp_0651.ice,77899c83968ca81bd72d0b25e756f17f
ui_stamp/ui_stamp_0652.ice,f4f44f091ed5fae37c50cf45f5e2a8b0
ui_stamp/ui_stamp_0653.ice,7624426dfe7406821cd05af3c683c8f9
ui_stamp/ui_stamp_0654.ice,92ad9132e324c98b39d95a9fb3e2442f
ui_stamp/ui_stamp_0655.ice,c87b4156be6f4dc0c9281cf0093b487d
ui_stamp/ui_stamp_0656.ice,e9ec1e8532b65c11124dcb28549c4ca2
ui_stamp/ui_stamp_0657.ice,7518d5a2e3b0d8396e929014fa872037
